{
  "vege_id": "23",
  "best_params": {
    "subsample": 0.7,
    "reg_lambda": 2.0,
    "reg_alpha": 0.1,
    "n_estimators": 200,
    "max_depth": 6,
    "learning_rate": 0.05,
    "colsample_bytree": 0.7,
    "random_state": 42,
    "n_jobs": -1,
    "verbosity": 0
  },
  "selected_features": [
    "y_above_ma30",
    "y_above_ma7",
    "y_lag_1",
    "y_ma_7",
    "y_ma_14",
    "y_ma_30",
    "y_lag_3",
    "y_lag_7",
    "day_sin",
    "y_lag_14",
    "dayofyear",
    "y_lag_30",
    "dayofweek",
    "day_cos",
    "Temperature_ma_30",
    "y_volatility_14",
    "StnPres_std_30",
    "y_volatility_7",
    "y_change_1",
    "Temperature_ma_14",
    "Precp_ma_30",
    "Temperature",
    "StnPres",
    "Temperature_delta1"
  ],
  "validation_metrics": {
    "R2": 0.860115554892722,
    "RMSE": 34.08320774185417,
    "MAE": 17.54655818041633,
    "MAPE": 13.88518385587193,
    "successful_windows": 20
  },
  "test_metrics": {
    "R2": 0.7313016833598993,
    "RMSE": 50.51436826266243,
    "MAE": 28.240177747453966,
    "MAPE": 20.27622567247439,
    "successful_windows": 12,
    "total_predictions": 70
  }
}