{
  "vege_id": "55",
  "best_params": {
    "subsample": 0.8,
    "reg_lambda": 1.0,
    "reg_alpha": 0.5,
    "n_estimators": 100,
    "max_depth": 4,
    "learning_rate": 0.2,
    "colsample_bytree": 1.0,
    "random_state": 42,
    "n_jobs": -1,
    "verbosity": 0
  },
  "selected_features": [
    "y_above_ma30",
    "y_above_ma7",
    "y_lag_1",
    "y_ma_7",
    "y_ma_14",
    "y_ma_30",
    "y_lag_3",
    "y_lag_7",
    "day_sin",
    "y_lag_14",
    "dayofyear",
    "y_lag_30",
    "dayofweek",
    "day_cos",
    "Temperature_ma_30",
    "y_volatility_14",
    "StnPres_std_30",
    "y_volatility_7",
    "y_change_1",
    "Temperature_ma_14",
    "Precp_ma_30",
    "Temperature",
    "StnPres",
    "Temperature_delta1"
  ],
  "validation_metrics": {
    "R2": 0.9245345692752674,
    "RMSE": 8.5704700344277,
    "MAE": 5.959410042310283,
    "MAPE": 8.09491039854878,
    "successful_windows": 20
  },
  "test_metrics": {
    "R2": 0.8796290886750697,
    "RMSE": 8.342013171446284,
    "MAE": 6.013682141371179,
    "MAPE": 8.688613553818422,
    "successful_windows": 12,
    "total_predictions": 71
  }
}