{
  "vege_id": "49",
  "best_params": {
    "subsample": 0.9,
    "reg_lambda": 2.0,
    "reg_alpha": 1.0,
    "n_estimators": 500,
    "max_depth": 4,
    "learning_rate": 0.05,
    "colsample_bytree": 1.0,
    "random_state": 42,
    "n_jobs": -1,
    "verbosity": 0
  },
  "selected_features": [
    "y_above_ma30",
    "y_above_ma7",
    "y_lag_1",
    "y_ma_7",
    "y_ma_14",
    "y_ma_30",
    "y_lag_3",
    "y_lag_7",
    "day_sin",
    "y_lag_14",
    "dayofyear",
    "y_lag_30",
    "dayofweek",
    "day_cos",
    "Temperature_ma_30",
    "y_volatility_14",
    "StnPres_std_30",
    "y_volatility_7",
    "y_change_1",
    "Temperature_ma_14",
    "Precp_ma_30",
    "Temperature",
    "StnPres",
    "Temperature_delta1"
  ],
  "validation_metrics": {
    "R2": 0.6653564155316765,
    "RMSE": 20.239467700934213,
    "MAE": 7.9875814139929995,
    "MAPE": 8.997251700204075,
    "successful_windows": 20
  },
  "test_metrics": {
    "R2": 0.8620454640896853,
    "RMSE": 11.135637139303862,
    "MAE": 7.263914189943126,
    "MAPE": 12.50660021820115,
    "successful_windows": 12,
    "total_predictions": 71
  }
}