{
  "vege_id": "28",
  "best_params": {
    "subsample": 1.0,
    "reg_lambda": 1.5,
    "reg_alpha": 0.5,
    "n_estimators": 200,
    "max_depth": 4,
    "learning_rate": 0.1,
    "colsample_bytree": 0.7,
    "random_state": 42,
    "n_jobs": -1,
    "verbosity": 0
  },
  "selected_features": [
    "y_above_ma30",
    "y_above_ma7",
    "y_lag_1",
    "y_ma_7",
    "y_ma_14",
    "y_ma_30",
    "y_lag_3",
    "y_lag_7",
    "day_sin",
    "y_lag_14",
    "dayofyear",
    "y_lag_30",
    "dayofweek",
    "day_cos",
    "Temperature_ma_30",
    "y_volatility_14",
    "StnPres_std_30",
    "y_volatility_7",
    "y_change_1",
    "Temperature_ma_14",
    "Precp_ma_30",
    "Temperature",
    "StnPres",
    "Temperature_delta1"
  ],
  "validation_metrics": {
    "R2": 0.747098412836306,
    "RMSE": 37.325945129555436,
    "MAE": 16.804453207419737,
    "MAPE": 7.523214355003526,
    "successful_windows": 20
  },
  "test_metrics": {
    "R2": 0.862195366928645,
    "RMSE": 22.666171358036635,
    "MAE": 16.356487448556084,
    "MAPE": 7.754956029024135,
    "successful_windows": 12,
    "total_predictions": 70
  }
}