{
  "vege_id": "24",
  "best_params": {
    "subsample": 0.7,
    "reg_lambda": 1.0,
    "reg_alpha": 0.1,
    "n_estimators": 100,
    "max_depth": 4,
    "learning_rate": 0.05,
    "colsample_bytree": 0.8,
    "random_state": 42,
    "n_jobs": -1,
    "verbosity": 0
  },
  "selected_features": [
    "y_above_ma30",
    "y_above_ma7",
    "y_lag_1",
    "y_ma_7",
    "y_ma_14",
    "y_ma_30",
    "y_lag_3",
    "y_lag_7",
    "day_sin",
    "y_lag_14",
    "dayofyear",
    "y_lag_30",
    "dayofweek",
    "day_cos",
    "Temperature_ma_30",
    "y_volatility_14",
    "StnPres_std_30",
    "y_volatility_7",
    "y_change_1",
    "Temperature_ma_14",
    "Precp_ma_30",
    "Temperature",
    "StnPres",
    "Temperature_delta1"
  ],
  "validation_metrics": {
    "R2": 0.824983605892694,
    "RMSE": 30.56560633292619,
    "MAE": 19.378760249005616,
    "MAPE": 12.494003762445805,
    "successful_windows": 20
  },
  "test_metrics": {
    "R2": 0.5422860552678632,
    "RMSE": 27.952635293771735,
    "MAE": 19.32759562465123,
    "MAPE": 9.205731342129571,
    "successful_windows": 12,
    "total_predictions": 70
  }
}