{
  "vege_id": "38",
  "best_params": {
    "subsample": 0.8,
    "reg_lambda": 2.0,
    "reg_alpha": 1.0,
    "n_estimators": 300,
    "max_depth": 3,
    "learning_rate": 0.05,
    "colsample_bytree": 0.7,
    "random_state": 42,
    "n_jobs": -1,
    "verbosity": 0
  },
  "selected_features": [
    "y_above_ma30",
    "y_above_ma7",
    "y_lag_1",
    "y_ma_7",
    "y_ma_14",
    "y_ma_30",
    "y_lag_3",
    "y_lag_7",
    "day_sin",
    "y_lag_14",
    "dayofyear",
    "y_lag_30",
    "dayofweek",
    "day_cos",
    "Temperature_ma_30",
    "y_volatility_14",
    "StnPres_std_30",
    "y_volatility_7",
    "y_change_1",
    "Temperature_ma_14",
    "Precp_ma_30",
    "Temperature",
    "StnPres",
    "Temperature_delta1"
  ],
  "validation_metrics": {
    "R2": 0.7999192061585587,
    "RMSE": 7.310532561414608,
    "MAE": 5.639347860830801,
    "MAPE": 10.628680052696907,
    "successful_windows": 20
  },
  "test_metrics": {
    "R2": 0.5179074010072974,
    "RMSE": 21.82843882224681,
    "MAE": 16.893274239676334,
    "MAPE": 14.055855050672672,
    "successful_windows": 12,
    "total_predictions": 70
  }
}