{
  "vege_id": "44",
  "best_params": {
    "subsample": 0.9,
    "reg_lambda": 2.0,
    "reg_alpha": 0,
    "n_estimators": 100,
    "max_depth": 6,
    "learning_rate": 0.2,
    "colsample_bytree": 0.7,
    "random_state": 42,
    "n_jobs": -1,
    "verbosity": 0
  },
  "selected_features": [
    "y_above_ma30",
    "y_above_ma7",
    "y_lag_1",
    "y_ma_7",
    "y_ma_14",
    "y_ma_30",
    "y_lag_3",
    "y_lag_7",
    "day_sin",
    "y_lag_14",
    "dayofyear",
    "y_lag_30",
    "dayofweek",
    "day_cos",
    "Temperature_ma_30",
    "y_volatility_14",
    "StnPres_std_30",
    "y_volatility_7",
    "y_change_1",
    "Temperature_ma_14",
    "Precp_ma_30",
    "Temperature",
    "StnPres",
    "Temperature_delta1"
  ],
  "validation_metrics": {
    "R2": 0.681175034437947,
    "RMSE": 22.558153436089047,
    "MAE": 12.286079024711663,
    "MAPE": 18.249071516742788,
    "successful_windows": 20
  },
  "test_metrics": {
    "R2": 0.48933769103867786,
    "RMSE": 34.82108452419175,
    "MAE": 19.574055310930525,
    "MAPE": 29.034627086473357,
    "successful_windows": 12,
    "total_predictions": 70
  }
}