{
  "vege_id": "15",
  "best_params": {
    "subsample": 1.0,
    "reg_lambda": 1.5,
    "reg_alpha": 1.0,
    "n_estimators": 300,
    "max_depth": 4,
    "learning_rate": 0.2,
    "colsample_bytree": 0.7,
    "random_state": 42,
    "n_jobs": -1,
    "verbosity": 0
  },
  "selected_features": [
    "y_above_ma30",
    "y_above_ma7",
    "y_lag_1",
    "y_ma_7",
    "y_ma_14",
    "y_ma_30",
    "y_lag_3",
    "y_lag_7",
    "day_sin",
    "y_lag_14",
    "dayofyear",
    "y_lag_30",
    "dayofweek",
    "day_cos",
    "Temperature_ma_30",
    "y_volatility_14",
    "StnPres_std_30",
    "y_volatility_7",
    "y_change_1",
    "Temperature_ma_14",
    "Precp_ma_30",
    "Temperature",
    "StnPres",
    "Temperature_delta1"
  ],
  "validation_metrics": {
    "R2": 0.9476237319035666,
    "RMSE": 6.4931330356738455,
    "MAE": 4.683349678429373,
    "MAPE": 4.47800631226674,
    "successful_windows": 20
  },
  "test_metrics": {
    "R2": 0.8788323017693994,
    "RMSE": 16.34743229155524,
    "MAE": 8.97845969063895,
    "MAPE": 5.845283292529177,
    "successful_windows": 12,
    "total_predictions": 70
  }
}