{
  "vege_id": "1",
  "best_params": {
    "subsample": 0.7,
    "reg_lambda": 0.5,
    "reg_alpha": 0.5,
    "n_estimators": 300,
    "max_depth": 5,
    "learning_rate": 0.2,
    "colsample_bytree": 0.9,
    "random_state": 42,
    "n_jobs": -1,
    "verbosity": 0
  },
  "selected_features": [
    "y_above_ma30",
    "y_above_ma7",
    "y_lag_1",
    "y_ma_7",
    "y_ma_14",
    "y_ma_30",
    "y_lag_3",
    "y_lag_7",
    "day_sin",
    "y_lag_14",
    "dayofyear",
    "y_lag_30",
    "dayofweek",
    "day_cos",
    "Temperature_ma_30",
    "y_volatility_14",
    "StnPres_std_30",
    "y_volatility_7",
    "y_change_1",
    "Temperature_ma_14",
    "Precp_ma_30",
    "Temperature",
    "StnPres",
    "Temperature_delta1"
  ],
  "validation_metrics": {
    "R2": 0.7411174506357696,
    "RMSE": 10.485030028575876,
    "MAE": 6.365889573819709,
    "MAPE": 18.13973341693597,
    "successful_windows": 20
  },
  "test_metrics": {
    "R2": 0.6407615567397907,
    "RMSE": 14.600097287863896,
    "MAE": 8.022394617928398,
    "MAPE": 24.497727665658076,
    "successful_windows": 9,
    "total_predictions": 36
  }
}