{
  "vege_id": "60",
  "best_params": {
    "subsample": 0.7,
    "reg_lambda": 1.0,
    "reg_alpha": 0.5,
    "n_estimators": 500,
    "max_depth": 4,
    "learning_rate": 0.15,
    "colsample_bytree": 0.7,
    "random_state": 42,
    "n_jobs": -1,
    "verbosity": 0
  },
  "selected_features": [
    "y_above_ma30",
    "y_above_ma7",
    "y_lag_1",
    "y_ma_7",
    "y_ma_14",
    "y_ma_30",
    "y_lag_3",
    "y_lag_7",
    "day_sin",
    "y_lag_14",
    "dayofyear",
    "y_lag_30",
    "dayofweek",
    "day_cos",
    "Temperature_ma_30",
    "y_volatility_14",
    "StnPres_std_30",
    "y_volatility_7",
    "y_change_1",
    "Temperature_ma_14",
    "Precp_ma_30",
    "Temperature",
    "StnPres",
    "Temperature_delta1"
  ],
  "validation_metrics": {
    "R2": 0.8354840118734446,
    "RMSE": 13.813030881273132,
    "MAE": 9.50209721483503,
    "MAPE": 9.715989476519079,
    "successful_windows": 20
  },
  "test_metrics": {
    "R2": 0.8182366310270326,
    "RMSE": 28.77251302559781,
    "MAE": 17.674950172531773,
    "MAPE": 12.936419849640524,
    "successful_windows": 12,
    "total_predictions": 71
  }
}