{
  "vege_id": "19",
  "best_params": {
    "subsample": 0.8,
    "reg_lambda": 2.0,
    "reg_alpha": 1.0,
    "n_estimators": 300,
    "max_depth": 3,
    "learning_rate": 0.05,
    "colsample_bytree": 0.7,
    "random_state": 42,
    "n_jobs": -1,
    "verbosity": 0
  },
  "selected_features": [
    "y_above_ma30",
    "y_above_ma7",
    "y_lag_1",
    "y_ma_7",
    "y_ma_14",
    "y_ma_30",
    "y_lag_3",
    "y_lag_7",
    "day_sin",
    "y_lag_14",
    "dayofyear",
    "y_lag_30",
    "dayofweek",
    "day_cos",
    "Temperature_ma_30",
    "y_volatility_14",
    "StnPres_std_30",
    "y_volatility_7",
    "y_change_1",
    "Temperature_ma_14",
    "Precp_ma_30",
    "Temperature",
    "StnPres",
    "Temperature_delta1"
  ],
  "validation_metrics": {
    "R2": 0.9521897871455507,
    "RMSE": 9.250537978293584,
    "MAE": 6.389765242138048,
    "MAPE": 13.033364547348391,
    "successful_windows": 20
  },
  "test_metrics": {
    "R2": 0.8391533701493379,
    "RMSE": 17.071462856789175,
    "MAE": 10.827988616943358,
    "MAPE": 13.28178072189764,
    "successful_windows": 12,
    "total_predictions": 70
  }
}