{
  "vege_id": "20",
  "best_params": {
    "subsample": 0.8,
    "reg_lambda": 1.5,
    "reg_alpha": 1.0,
    "n_estimators": 200,
    "max_depth": 3,
    "learning_rate": 0.05,
    "colsample_bytree": 0.8,
    "random_state": 42,
    "n_jobs": -1,
    "verbosity": 0
  },
  "selected_features": [
    "y_above_ma30",
    "y_above_ma7",
    "y_lag_1",
    "y_ma_7",
    "y_ma_14",
    "y_ma_30",
    "y_lag_3",
    "y_lag_7",
    "day_sin",
    "y_lag_14",
    "dayofyear",
    "y_lag_30",
    "dayofweek",
    "day_cos",
    "Temperature_ma_30",
    "y_volatility_14",
    "StnPres_std_30",
    "y_volatility_7",
    "y_change_1",
    "Temperature_ma_14",
    "Precp_ma_30",
    "Temperature",
    "StnPres",
    "Temperature_delta1"
  ],
  "validation_metrics": {
    "R2": 0.7874001345991105,
    "RMSE": 11.195674205207196,
    "MAE": 6.02328154793621,
    "MAPE": 11.153493313638021,
    "successful_windows": 20
  },
  "test_metrics": {
    "R2": 0.80383373802318,
    "RMSE": 16.947291377652757,
    "MAE": 9.135675901140486,
    "MAPE": 16.123034901076792,
    "successful_windows": 12,
    "total_predictions": 70
  }
}