{
  "vege_id": "35",
  "best_params": {
    "subsample": 0.9,
    "reg_lambda": 2.0,
    "reg_alpha": 0.5,
    "n_estimators": 300,
    "max_depth": 5,
    "learning_rate": 0.05,
    "colsample_bytree": 1.0,
    "random_state": 42,
    "n_jobs": -1,
    "verbosity": 0
  },
  "selected_features": [
    "y_above_ma30",
    "y_above_ma7",
    "y_lag_1",
    "y_ma_7",
    "y_ma_14",
    "y_ma_30",
    "y_lag_3",
    "y_lag_7",
    "day_sin",
    "y_lag_14",
    "dayofyear",
    "y_lag_30",
    "dayofweek",
    "day_cos",
    "Temperature_ma_30",
    "y_volatility_14",
    "StnPres_std_30",
    "y_volatility_7",
    "y_change_1",
    "Temperature_ma_14",
    "Precp_ma_30",
    "Temperature",
    "StnPres",
    "Temperature_delta1"
  ],
  "validation_metrics": {
    "R2": 0.8846844865136018,
    "RMSE": 7.441135630346456,
    "MAE": 5.197603174097397,
    "MAPE": 4.959093408326192,
    "successful_windows": 20
  },
  "test_metrics": {
    "R2": 0.8723905611042357,
    "RMSE": 5.129393720559326,
    "MAE": 3.935298049282021,
    "MAPE": 4.2141442726787055,
    "successful_windows": 12,
    "total_predictions": 71
  }
}