{
  "vege_id": "25",
  "best_params": {
    "subsample": 1.0,
    "reg_lambda": 0.5,
    "reg_alpha": 1.0,
    "n_estimators": 300,
    "max_depth": 4,
    "learning_rate": 0.15,
    "colsample_bytree": 0.9,
    "random_state": 42,
    "n_jobs": -1,
    "verbosity": 0
  },
  "selected_features": [
    "y_above_ma30",
    "y_above_ma7",
    "y_lag_1",
    "y_ma_7",
    "y_ma_14",
    "y_ma_30",
    "y_lag_3",
    "y_lag_7",
    "day_sin",
    "y_lag_14",
    "dayofyear",
    "y_lag_30",
    "dayofweek",
    "day_cos",
    "Temperature_ma_30",
    "y_volatility_14",
    "StnPres_std_30",
    "y_volatility_7",
    "y_change_1",
    "Temperature_ma_14",
    "Precp_ma_30",
    "Temperature",
    "StnPres",
    "Temperature_delta1"
  ],
  "validation_metrics": {
    "R2": 0.8149321721121882,
    "RMSE": 5.36779454564269,
    "MAE": 3.502180955427406,
    "MAPE": 4.810631043070488,
    "successful_windows": 20
  },
  "test_metrics": {
    "R2": 0.8399521074673353,
    "RMSE": 9.994906427456254,
    "MAE": 6.81150074332101,
    "MAPE": 7.875951461200459,
    "successful_windows": 12,
    "total_predictions": 70
  }
}