{
  "vege_id": "26",
  "best_params": {
    "subsample": 0.7,
    "reg_lambda": 1.0,
    "reg_alpha": 0.1,
    "n_estimators": 100,
    "max_depth": 4,
    "learning_rate": 0.05,
    "colsample_bytree": 0.8,
    "random_state": 42,
    "n_jobs": -1,
    "verbosity": 0
  },
  "selected_features": [
    "y_above_ma30",
    "y_above_ma7",
    "y_lag_1",
    "y_ma_7",
    "y_ma_14",
    "y_ma_30",
    "y_lag_3",
    "y_lag_7",
    "day_sin",
    "y_lag_14",
    "dayofyear",
    "y_lag_30",
    "dayofweek",
    "day_cos",
    "Temperature_ma_30",
    "y_volatility_14",
    "StnPres_std_30",
    "y_volatility_7",
    "y_change_1",
    "Temperature_ma_14",
    "Precp_ma_30",
    "Temperature",
    "StnPres",
    "Temperature_delta1"
  ],
  "validation_metrics": {
    "R2": 0.8078917812836005,
    "RMSE": 51.126460066879375,
    "MAE": 26.474925073735857,
    "MAPE": 14.306219327437672,
    "successful_windows": 20
  },
  "test_metrics": {
    "R2": 0.7192512315921047,
    "RMSE": 17.65774825999693,
    "MAE": 12.649408534458706,
    "MAPE": 10.509117498796162,
    "successful_windows": 12,
    "total_predictions": 70
  }
}