{
  "vege_id": "18",
  "best_params": {
    "subsample": 0.8,
    "reg_lambda": 1.5,
    "reg_alpha": 1.0,
    "n_estimators": 200,
    "max_depth": 3,
    "learning_rate": 0.05,
    "colsample_bytree": 0.8,
    "random_state": 42,
    "n_jobs": -1,
    "verbosity": 0
  },
  "selected_features": [
    "y_above_ma30",
    "y_above_ma7",
    "y_lag_1",
    "y_ma_7",
    "y_ma_14",
    "y_ma_30",
    "y_lag_3",
    "y_lag_7",
    "day_sin",
    "y_lag_14",
    "dayofyear",
    "y_lag_30",
    "dayofweek",
    "day_cos",
    "Temperature_ma_30",
    "y_volatility_14",
    "StnPres_std_30",
    "y_volatility_7",
    "y_change_1",
    "Temperature_ma_14",
    "Precp_ma_30",
    "Temperature",
    "StnPres",
    "Temperature_delta1"
  ],
  "validation_metrics": {
    "R2": 0.9281000736034961,
    "RMSE": 31.821227759593324,
    "MAE": 16.324463785696725,
    "MAPE": 18.126259549191897,
    "successful_windows": 20
  },
  "test_metrics": {
    "R2": 0.7485361799306895,
    "RMSE": 77.32244296684945,
    "MAE": 40.24548831133775,
    "MAPE": 15.41722629924019,
    "successful_windows": 12,
    "total_predictions": 71
  }
}