{
  "vege_id": "43",
  "best_params": {
    "subsample": 0.9,
    "reg_lambda": 0.5,
    "reg_alpha": 0,
    "n_estimators": 300,
    "max_depth": 5,
    "learning_rate": 0.2,
    "colsample_bytree": 0.8,
    "random_state": 42,
    "n_jobs": -1,
    "verbosity": 0
  },
  "selected_features": [
    "y_lag_1",
    "y_ma_7",
    "y_above_ma30",
    "y_ma_30",
    "y_ma_14",
    "y_above_ma7",
    "y_lag_3",
    "y_lag_7",
    "y_lag_30",
    "y_lag_14",
    "dayofweek",
    "day_sin",
    "dayofyear",
    "year",
    "y_volatility_14",
    "y_volatility_7",
    "y_change_1",
    "RH_std_30",
    "StnPres_std_30",
    "RH_ma_30",
    "StnPres_std_14",
    "StnPres_ma_30",
    "Precp_ma_30",
    "RH_ma_3",
    "y_change_7"
  ],
  "validation_metrics": {
    "R2": 0.8402033390415644,
    "RMSE": 4.074156580447922,
    "MAE": 2.7026346003400143,
    "MAPE": 10.005873273228277,
    "successful_windows": 20
  },
  "test_metrics": {
    "R2": 0.6177621763038985,
    "RMSE": 3.9199479853391996,
    "MAE": 2.9152894619149228,
    "MAPE": 20.496803538001316,
    "successful_windows": 12,
    "total_predictions": 71
  }
}