{
  "vege_id": "13",
  "best_params": {
    "subsample": 0.7,
    "reg_lambda": 2.0,
    "reg_alpha": 1.0,
    "n_estimators": 500,
    "max_depth": 3,
    "learning_rate": 0.05,
    "colsample_bytree": 0.8,
    "random_state": 42,
    "n_jobs": -1,
    "verbosity": 0
  },
  "selected_features": [
    "y_lag_1",
    "y_ma_7",
    "y_above_ma30",
    "y_ma_30",
    "y_ma_14",
    "y_above_ma7",
    "y_lag_3",
    "y_lag_7",
    "y_lag_30",
    "y_lag_14",
    "dayofweek",
    "day_sin",
    "dayofyear",
    "year",
    "y_volatility_14",
    "y_volatility_7",
    "y_change_1",
    "RH_std_30",
    "StnPres_std_30",
    "RH_ma_30",
    "StnPres_std_14",
    "StnPres_ma_30",
    "Precp_ma_30",
    "RH_ma_3",
    "y_change_7"
  ],
  "validation_metrics": {
    "R2": 0.943609896266872,
    "RMSE": 5.706120706727189,
    "MAE": 3.57189129571845,
    "MAPE": 8.542470397670282,
    "successful_windows": 20
  },
  "test_metrics": {
    "R2": 0.8818492373745954,
    "RMSE": 8.73270532592447,
    "MAE": 5.776328245351012,
    "MAPE": 9.469198449342521,
    "successful_windows": 12,
    "total_predictions": 71
  }
}