{
  "vege_id": "32",
  "best_params": {
    "subsample": 0.9,
    "reg_lambda": 1.5,
    "reg_alpha": 0,
    "n_estimators": 500,
    "max_depth": 4,
    "learning_rate": 0.15,
    "colsample_bytree": 1.0,
    "random_state": 42,
    "n_jobs": -1,
    "verbosity": 0
  },
  "selected_features": [
    "y_lag_1",
    "y_ma_7",
    "y_above_ma30",
    "y_ma_30",
    "y_ma_14",
    "y_above_ma7",
    "y_lag_3",
    "y_lag_7",
    "y_lag_30",
    "y_lag_14",
    "dayofweek",
    "day_sin",
    "dayofyear",
    "year",
    "y_volatility_14",
    "y_volatility_7",
    "y_change_1",
    "RH_std_30",
    "StnPres_std_30",
    "RH_ma_30",
    "StnPres_std_14",
    "StnPres_ma_30",
    "Precp_ma_30",
    "RH_ma_3",
    "y_change_7"
  ],
  "validation_metrics": {
    "R2": 0.9076358001314323,
    "RMSE": 1.8467975140407027,
    "MAE": 1.3462909589892758,
    "MAPE": 5.697204115904752,
    "successful_windows": 20
  },
  "test_metrics": {
    "R2": 0.5653811544550063,
    "RMSE": 4.405780866922833,
    "MAE": 3.0667708050365183,
    "MAPE": 10.196325350967383,
    "successful_windows": 12,
    "total_predictions": 71
  }
}