{
  "vege_id": "27",
  "best_params": {
    "subsample": 0.9,
    "reg_lambda": 0.5,
    "reg_alpha": 0,
    "n_estimators": 300,
    "max_depth": 5,
    "learning_rate": 0.2,
    "colsample_bytree": 0.8,
    "random_state": 42,
    "n_jobs": -1,
    "verbosity": 0
  },
  "selected_features": [
    "y_lag_1",
    "y_ma_7",
    "y_above_ma30",
    "y_ma_30",
    "y_ma_14",
    "y_above_ma7",
    "y_lag_3",
    "y_lag_7",
    "y_lag_30",
    "y_lag_14",
    "dayofweek",
    "day_sin",
    "dayofyear",
    "year",
    "y_volatility_14",
    "y_volatility_7",
    "y_change_1",
    "RH_std_30",
    "StnPres_std_30",
    "RH_ma_30",
    "StnPres_std_14",
    "StnPres_ma_30",
    "Precp_ma_30",
    "RH_ma_3",
    "y_change_7"
  ],
  "validation_metrics": {
    "R2": 0.7339950508489388,
    "RMSE": 4.718603745399582,
    "MAE": 3.260669401127056,
    "MAPE": 14.827429665970337,
    "successful_windows": 20
  },
  "test_metrics": {
    "R2": 0.635614643502814,
    "RMSE": 12.746645678726914,
    "MAE": 7.140473414284841,
    "MAPE": 16.157848001790487,
    "successful_windows": 12,
    "total_predictions": 70
  }
}