{
  "vege_id": "47",
  "best_params": {
    "subsample": 0.8,
    "reg_lambda": 1.5,
    "reg_alpha": 1.0,
    "n_estimators": 200,
    "max_depth": 3,
    "learning_rate": 0.05,
    "colsample_bytree": 0.8,
    "random_state": 42,
    "n_jobs": -1,
    "verbosity": 0
  },
  "selected_features": [
    "y_lag_1",
    "y_ma_7",
    "y_above_ma30",
    "y_ma_30",
    "y_ma_14",
    "y_above_ma7",
    "y_lag_3",
    "y_lag_7",
    "y_lag_30",
    "y_lag_14",
    "dayofweek",
    "day_sin",
    "dayofyear",
    "year",
    "y_volatility_14",
    "y_volatility_7",
    "y_change_1",
    "RH_std_30",
    "StnPres_std_30",
    "RH_ma_30",
    "StnPres_std_14",
    "StnPres_ma_30",
    "Precp_ma_30",
    "RH_ma_3",
    "y_change_7"
  ],
  "validation_metrics": {
    "R2": 0.9452427211604563,
    "RMSE": 2.5142734390534036,
    "MAE": 1.7263733176361742,
    "MAPE": 6.8081182923043935,
    "successful_windows": 20
  },
  "test_metrics": {
    "R2": 0.9335605233492792,
    "RMSE": 4.122051206082225,
    "MAE": 2.872085671760666,
    "MAPE": 11.866772874058976,
    "successful_windows": 12,
    "total_predictions": 71
  }
}