{
  "vege_id": "34",
  "best_params": {
    "subsample": 0.8,
    "reg_lambda": 1.5,
    "reg_alpha": 0.5,
    "n_estimators": 300,
    "max_depth": 7,
    "learning_rate": 0.2,
    "colsample_bytree": 1.0,
    "random_state": 42,
    "n_jobs": -1,
    "verbosity": 0
  },
  "selected_features": [
    "y_lag_1",
    "y_ma_7",
    "y_above_ma30",
    "y_ma_30",
    "y_ma_14",
    "y_above_ma7",
    "y_lag_3",
    "y_lag_7",
    "y_lag_30",
    "y_lag_14",
    "dayofweek",
    "day_sin",
    "dayofyear",
    "year",
    "y_volatility_14",
    "y_volatility_7",
    "y_change_1",
    "RH_std_30",
    "StnPres_std_30",
    "RH_ma_30",
    "StnPres_std_14",
    "StnPres_ma_30",
    "Precp_ma_30",
    "RH_ma_3",
    "y_change_7"
  ],
  "validation_metrics": {
    "R2": 0.6610031653377917,
    "RMSE": 5.7715020161722395,
    "MAE": 3.6107494287905486,
    "MAPE": 7.724652725620119,
    "successful_windows": 20
  },
  "test_metrics": {
    "R2": 0.5006829406335123,
    "RMSE": 8.5688380029926,
    "MAE": 5.639596508187307,
    "MAPE": 8.144494069516577,
    "successful_windows": 12,
    "total_predictions": 71
  }
}