{
  "vege_id": "9",
  "best_params": {
    "subsample": 0.8,
    "reg_lambda": 1.0,
    "reg_alpha": 0.1,
    "n_estimators": 300,
    "max_depth": 3,
    "learning_rate": 0.1,
    "colsample_bytree": 0.7,
    "random_state": 42,
    "n_jobs": -1,
    "verbosity": 0
  },
  "selected_features": [
    "y_lag_1",
    "y_ma_7",
    "y_above_ma30",
    "y_ma_30",
    "y_ma_14",
    "y_above_ma7",
    "y_lag_3",
    "y_lag_7",
    "y_lag_30",
    "y_lag_14",
    "dayofweek",
    "day_sin",
    "dayofyear",
    "year",
    "y_volatility_14",
    "y_volatility_7",
    "y_change_1",
    "RH_std_30",
    "StnPres_std_30",
    "RH_ma_30",
    "StnPres_std_14",
    "StnPres_ma_30",
    "Precp_ma_30",
    "RH_ma_3",
    "y_change_7"
  ],
  "validation_metrics": {
    "R2": 0.9070499107977181,
    "RMSE": 1.909515085430049,
    "MAE": 1.4850183564594812,
    "MAPE": 11.860652953009167,
    "successful_windows": 20
  },
  "test_metrics": {
    "R2": 0.8916622084786838,
    "RMSE": 3.231346620273826,
    "MAE": 2.0880646420868354,
    "MAPE": 11.505707624936537,
    "successful_windows": 12,
    "total_predictions": 71
  }
}