{
  "vege_id": "7",
  "best_params": {
    "subsample": 0.8,
    "reg_lambda": 1.0,
    "reg_alpha": 0.1,
    "n_estimators": 300,
    "max_depth": 3,
    "learning_rate": 0.1,
    "colsample_bytree": 0.7,
    "random_state": 42,
    "n_jobs": -1,
    "verbosity": 0
  },
  "selected_features": [
    "y_lag_1",
    "y_ma_7",
    "y_above_ma30",
    "y_ma_30",
    "y_ma_14",
    "y_above_ma7",
    "y_lag_3",
    "y_lag_7",
    "y_lag_30",
    "y_lag_14",
    "dayofweek",
    "day_sin",
    "dayofyear",
    "year",
    "y_volatility_14",
    "y_volatility_7",
    "y_change_1",
    "RH_std_30",
    "StnPres_std_30",
    "RH_ma_30",
    "StnPres_std_14",
    "StnPres_ma_30",
    "Precp_ma_30",
    "RH_ma_3",
    "y_change_7"
  ],
  "validation_metrics": {
    "R2": 0.9229360492235363,
    "RMSE": 3.6017367275406196,
    "MAE": 2.5330470195129844,
    "MAPE": 10.348389360064115,
    "successful_windows": 20
  },
  "test_metrics": {
    "R2": 0.5287671745710816,
    "RMSE": 19.723379575368085,
    "MAE": 10.626120968133632,
    "MAPE": 20.893323324145427,
    "successful_windows": 12,
    "total_predictions": 71
  }
}