{
  "vege_id": "2",
  "best_params": {
    "subsample": 1.0,
    "reg_lambda": 1.0,
    "reg_alpha": 0,
    "n_estimators": 200,
    "max_depth": 3,
    "learning_rate": 0.15,
    "colsample_bytree": 1.0,
    "random_state": 42,
    "n_jobs": -1,
    "verbosity": 0
  },
  "selected_features": [
    "y_lag_1",
    "y_ma_7",
    "y_above_ma30",
    "y_ma_30",
    "y_ma_14",
    "y_above_ma7",
    "y_lag_3",
    "y_lag_7",
    "y_lag_30",
    "y_lag_14",
    "dayofweek",
    "day_sin",
    "dayofyear",
    "year",
    "y_volatility_14",
    "y_volatility_7",
    "y_change_1",
    "RH_std_30",
    "StnPres_std_30",
    "RH_ma_30",
    "StnPres_std_14",
    "StnPres_ma_30",
    "Precp_ma_30",
    "RH_ma_3",
    "y_change_7"
  ],
  "validation_metrics": {
    "R2": 0.6640110029796322,
    "RMSE": 3.9463582935429327,
    "MAE": 2.7262995381509105,
    "MAPE": 14.211052187283926,
    "successful_windows": 20
  },
  "test_metrics": {
    "R2": 0.5939250951463253,
    "RMSE": 8.487206530348713,
    "MAE": 5.355620968860129,
    "MAPE": 17.57799072446277,
    "successful_windows": 11,
    "total_predictions": 46
  }
}