{
  "vege_id": "10",
  "best_params": {
    "subsample": 0.8,
    "reg_lambda": 0.5,
    "reg_alpha": 0.1,
    "n_estimators": 100,
    "max_depth": 4,
    "learning_rate": 0.15,
    "colsample_bytree": 1.0,
    "random_state": 42,
    "n_jobs": -1,
    "verbosity": 0
  },
  "selected_features": [
    "y_lag_1",
    "y_ma_7",
    "y_above_ma30",
    "y_ma_30",
    "y_ma_14",
    "y_above_ma7",
    "y_lag_3",
    "y_lag_7",
    "y_lag_30",
    "y_lag_14",
    "dayofweek",
    "day_sin",
    "dayofyear",
    "year",
    "y_volatility_14",
    "y_volatility_7",
    "y_change_1",
    "RH_std_30",
    "StnPres_std_30",
    "RH_ma_30",
    "StnPres_std_14",
    "StnPres_ma_30",
    "Precp_ma_30",
    "RH_ma_3",
    "y_change_7"
  ],
  "validation_metrics": {
    "R2": 0.9101765868037722,
    "RMSE": 3.3548977035303413,
    "MAE": 2.325068169469419,
    "MAPE": 10.266514727835894,
    "successful_windows": 20
  },
  "test_metrics": {
    "R2": 0.6532994391096434,
    "RMSE": 13.273067033193614,
    "MAE": 7.988708814701564,
    "MAPE": 20.32889103694177,
    "successful_windows": 12,
    "total_predictions": 71
  }
}