{
  "vege_id": "41",
  "best_params": {
    "subsample": 0.8,
    "reg_lambda": 1.5,
    "reg_alpha": 1.0,
    "n_estimators": 200,
    "max_depth": 3,
    "learning_rate": 0.05,
    "colsample_bytree": 0.8,
    "random_state": 42,
    "n_jobs": -1,
    "verbosity": 0
  },
  "selected_features": [
    "y_lag_1",
    "y_ma_7",
    "y_above_ma30",
    "y_ma_30",
    "y_ma_14",
    "y_above_ma7",
    "y_lag_3",
    "y_lag_7",
    "y_lag_30",
    "y_lag_14",
    "dayofweek",
    "day_sin",
    "dayofyear",
    "year",
    "y_volatility_14",
    "y_volatility_7",
    "y_change_1",
    "RH_std_30",
    "StnPres_std_30",
    "RH_ma_30",
    "StnPres_std_14",
    "StnPres_ma_30",
    "Precp_ma_30",
    "RH_ma_3",
    "y_change_7"
  ],
  "validation_metrics": {
    "R2": 0.8270722040007812,
    "RMSE": 4.32704727905264,
    "MAE": 2.4482002217533028,
    "MAPE": 8.975334992468841,
    "successful_windows": 20
  },
  "test_metrics": {
    "R2": -1.1495748240490795,
    "RMSE": 4.7146875556549706,
    "MAE": 3.3439781426094672,
    "MAPE": 25.163135800280102,
    "successful_windows": 8,
    "total_predictions": 37
  }
}