{
  "vege_id": "51",
  "best_params": {
    "subsample": 1.0,
    "reg_lambda": 0.5,
    "reg_alpha": 1.0,
    "n_estimators": 300,
    "max_depth": 4,
    "learning_rate": 0.15,
    "colsample_bytree": 0.9,
    "random_state": 42,
    "n_jobs": -1,
    "verbosity": 0
  },
  "selected_features": [
    "y_lag_1",
    "y_ma_7",
    "y_above_ma30",
    "y_ma_30",
    "y_ma_14",
    "y_above_ma7",
    "y_lag_3",
    "y_lag_7",
    "y_lag_30",
    "y_lag_14",
    "dayofweek",
    "day_sin",
    "dayofyear",
    "year",
    "y_volatility_14",
    "y_volatility_7",
    "y_change_1",
    "RH_std_30",
    "StnPres_std_30",
    "RH_ma_30",
    "StnPres_std_14",
    "StnPres_ma_30",
    "Precp_ma_30",
    "RH_ma_3",
    "y_change_7"
  ],
  "validation_metrics": {
    "R2": 0.8860914978441029,
    "RMSE": 6.105409734630959,
    "MAE": 3.735744806545884,
    "MAPE": 9.843393738208915,
    "successful_windows": 20
  },
  "test_metrics": {
    "R2": 0.7331774113680365,
    "RMSE": 10.947520558831465,
    "MAE": 7.1589511481391055,
    "MAPE": 10.93132587660182,
    "successful_windows": 11,
    "total_predictions": 45
  }
}