{
  "vege_id": "52",
  "best_params": {
    "subsample": 0.8,
    "reg_lambda": 2.0,
    "reg_alpha": 0,
    "n_estimators": 100,
    "max_depth": 7,
    "learning_rate": 0.15,
    "colsample_bytree": 0.8,
    "random_state": 42,
    "n_jobs": -1,
    "verbosity": 0
  },
  "selected_features": [
    "y_lag_1",
    "y_ma_7",
    "y_above_ma30",
    "y_ma_30",
    "y_ma_14",
    "y_above_ma7",
    "y_lag_3",
    "y_lag_7",
    "y_lag_30",
    "y_lag_14",
    "dayofweek",
    "day_sin",
    "dayofyear",
    "year",
    "y_volatility_14",
    "y_volatility_7",
    "y_change_1",
    "RH_std_30",
    "StnPres_std_30",
    "RH_ma_30",
    "StnPres_std_14",
    "StnPres_ma_30",
    "Precp_ma_30",
    "RH_ma_3",
    "y_change_7"
  ],
  "validation_metrics": {
    "R2": 0.8964114269591051,
    "RMSE": 5.881762704046774,
    "MAE": 3.1651444004603793,
    "MAPE": 8.99306960816295,
    "successful_windows": 20
  },
  "test_metrics": {
    "R2": 0.6320072203173492,
    "RMSE": 26.976928507970204,
    "MAE": 13.40117713605854,
    "MAPE": 17.437672928965526,
    "successful_windows": 12,
    "total_predictions": 71
  }
}