{
  "vege_id": "3",
  "best_params": {
    "subsample": 0.7,
    "reg_lambda": 2.0,
    "reg_alpha": 1.0,
    "n_estimators": 500,
    "max_depth": 3,
    "learning_rate": 0.05,
    "colsample_bytree": 0.8,
    "random_state": 42,
    "n_jobs": -1,
    "verbosity": 0
  },
  "selected_features": [
    "y_lag_1",
    "y_ma_7",
    "y_above_ma30",
    "y_ma_30",
    "y_ma_14",
    "y_above_ma7",
    "y_lag_3",
    "y_lag_7",
    "y_lag_30",
    "y_lag_14",
    "dayofweek",
    "day_sin",
    "dayofyear",
    "year",
    "y_volatility_14",
    "y_volatility_7",
    "y_change_1",
    "RH_std_30",
    "StnPres_std_30",
    "RH_ma_30",
    "StnPres_std_14",
    "StnPres_ma_30",
    "Precp_ma_30",
    "RH_ma_3",
    "y_change_7"
  ],
  "validation_metrics": {
    "R2": 0.9554153466879942,
    "RMSE": 2.7114631359310932,
    "MAE": 1.6513600368499757,
    "MAPE": 7.6408397785934,
    "successful_windows": 20
  },
  "test_metrics": {
    "R2": 0.8918050558884417,
    "RMSE": 5.30541221326007,
    "MAE": 3.1308768307323187,
    "MAPE": 10.18035962843992,
    "successful_windows": 12,
    "total_predictions": 71
  }
}