{
  "vege_id": "37",
  "best_params": {
    "subsample": 1.0,
    "reg_lambda": 1.0,
    "reg_alpha": 0.1,
    "n_estimators": 300,
    "max_depth": 5,
    "learning_rate": 0.15,
    "colsample_bytree": 0.9,
    "random_state": 42,
    "n_jobs": -1,
    "verbosity": 0
  },
  "selected_features": [
    "y_lag_1",
    "y_ma_7",
    "y_above_ma30",
    "y_ma_30",
    "y_ma_14",
    "y_above_ma7",
    "y_lag_3",
    "y_lag_7",
    "y_lag_30",
    "y_lag_14",
    "dayofweek",
    "day_sin",
    "dayofyear",
    "year",
    "y_volatility_14",
    "y_volatility_7",
    "y_change_1",
    "RH_std_30",
    "StnPres_std_30",
    "RH_ma_30",
    "StnPres_std_14",
    "StnPres_ma_30",
    "Precp_ma_30",
    "RH_ma_3",
    "y_change_7"
  ],
  "validation_metrics": {
    "R2": 0.6729262508302476,
    "RMSE": 3.664391046291985,
    "MAE": 2.456023750962882,
    "MAPE": 10.486402235901267,
    "successful_windows": 19
  },
  "test_metrics": {
    "R2": 0.41490728912708563,
    "RMSE": 4.775604331562407,
    "MAE": 3.0948116611790013,
    "MAPE": 25.64606966105346,
    "successful_windows": 10,
    "total_predictions": 37
  }
}