{
  "vege_id": "14",
  "best_params": {
    "subsample": 0.8,
    "reg_lambda": 2.0,
    "reg_alpha": 1.0,
    "n_estimators": 300,
    "max_depth": 3,
    "learning_rate": 0.05,
    "colsample_bytree": 0.7,
    "random_state": 42,
    "n_jobs": -1,
    "verbosity": 0
  },
  "selected_features": [
    "y_lag_1",
    "y_ma_7",
    "y_above_ma30",
    "y_ma_30",
    "y_ma_14",
    "y_above_ma7",
    "y_lag_3",
    "y_lag_7",
    "y_lag_30",
    "y_lag_14",
    "dayofweek",
    "day_sin",
    "dayofyear",
    "year",
    "y_volatility_14",
    "y_volatility_7",
    "y_change_1",
    "RH_std_30",
    "StnPres_std_30",
    "RH_ma_30",
    "StnPres_std_14",
    "StnPres_ma_30",
    "Precp_ma_30",
    "RH_ma_3",
    "y_change_7"
  ],
  "validation_metrics": {
    "R2": 0.8816760787297419,
    "RMSE": 4.355673843722066,
    "MAE": 2.6494268573287627,
    "MAPE": 8.702255450544087,
    "successful_windows": 20
  },
  "test_metrics": {
    "R2": 0.7109088626171047,
    "RMSE": 12.570098079691306,
    "MAE": 7.765318755013603,
    "MAPE": 22.875917772963636,
    "successful_windows": 12,
    "total_predictions": 70
  }
}