{
  "vege_id": "4",
  "best_params": {
    "subsample": 0.7,
    "reg_lambda": 2.0,
    "reg_alpha": 0.1,
    "n_estimators": 200,
    "max_depth": 6,
    "learning_rate": 0.05,
    "colsample_bytree": 0.7,
    "random_state": 42,
    "n_jobs": -1,
    "verbosity": 0
  },
  "selected_features": [
    "y_lag_1",
    "y_ma_7",
    "y_above_ma30",
    "y_ma_30",
    "y_ma_14",
    "y_above_ma7",
    "y_lag_3",
    "y_lag_7",
    "y_lag_30",
    "y_lag_14",
    "dayofweek",
    "day_sin",
    "dayofyear",
    "year",
    "y_volatility_14",
    "y_volatility_7",
    "y_change_1",
    "RH_std_30",
    "StnPres_std_30",
    "RH_ma_30",
    "StnPres_std_14",
    "StnPres_ma_30",
    "Precp_ma_30",
    "RH_ma_3",
    "y_change_7"
  ],
  "validation_metrics": {
    "R2": 0.7387677446501681,
    "RMSE": 7.341128092414662,
    "MAE": 5.5859959591136255,
    "MAPE": 14.847231730068888,
    "successful_windows": 20
  },
  "test_metrics": {
    "R2": 0.7150505087118659,
    "RMSE": 10.749801810579573,
    "MAE": 7.235994876270563,
    "MAPE": 17.05888878576903,
    "successful_windows": 12,
    "total_predictions": 71
  }
}