{
  "vege_id": "8",
  "best_params": {
    "subsample": 0.8,
    "reg_lambda": 1.0,
    "reg_alpha": 0.5,
    "n_estimators": 100,
    "max_depth": 4,
    "learning_rate": 0.2,
    "colsample_bytree": 1.0,
    "random_state": 42,
    "n_jobs": -1,
    "verbosity": 0
  },
  "selected_features": [
    "y_lag_1",
    "y_ma_7",
    "y_above_ma30",
    "y_ma_30",
    "y_ma_14",
    "y_above_ma7",
    "y_lag_3",
    "y_lag_7",
    "y_lag_30",
    "y_lag_14",
    "dayofweek",
    "day_sin",
    "dayofyear",
    "year",
    "y_volatility_14",
    "y_volatility_7",
    "y_change_1",
    "RH_std_30",
    "StnPres_std_30",
    "RH_ma_30",
    "StnPres_std_14",
    "StnPres_ma_30",
    "Precp_ma_30",
    "RH_ma_3",
    "y_change_7"
  ],
  "validation_metrics": {
    "R2": 0.9196482321272523,
    "RMSE": 3.9269624612438023,
    "MAE": 2.612222169240315,
    "MAPE": 9.80155329741611,
    "successful_windows": 20
  },
  "test_metrics": {
    "R2": 0.8045121059046553,
    "RMSE": 12.63751172190774,
    "MAE": 7.593287900467993,
    "MAPE": 14.940041470581065,
    "successful_windows": 12,
    "total_predictions": 71
  }
}