{
  "vege_id": "29",
  "best_params": {
    "subsample": 1.0,
    "reg_lambda": 0.5,
    "reg_alpha": 1.0,
    "n_estimators": 500,
    "max_depth": 7,
    "learning_rate": 0.05,
    "colsample_bytree": 0.7,
    "random_state": 42,
    "n_jobs": -1,
    "verbosity": 0
  },
  "selected_features": [
    "y_lag_1",
    "y_ma_7",
    "y_above_ma30",
    "y_ma_30",
    "y_ma_14",
    "y_above_ma7",
    "y_lag_3",
    "y_lag_7",
    "y_lag_30",
    "y_lag_14",
    "dayofweek",
    "day_sin",
    "dayofyear",
    "year",
    "y_volatility_14",
    "y_volatility_7",
    "y_change_1",
    "RH_std_30",
    "StnPres_std_30",
    "RH_ma_30",
    "StnPres_std_14",
    "StnPres_ma_30",
    "Precp_ma_30",
    "RH_ma_3",
    "y_change_7"
  ],
  "validation_metrics": {
    "R2": 0.6974493331594409,
    "RMSE": 7.1817418890283236,
    "MAE": 4.337722455301593,
    "MAPE": 11.349789964218912,
    "successful_windows": 20
  },
  "test_metrics": {
    "R2": 0.426398579292837,
    "RMSE": 31.61217885783011,
    "MAE": 12.887995009883758,
    "MAPE": 41.59188685550324,
    "successful_windows": 8,
    "total_predictions": 31
  }
}