{
  "vege_id": "36",
  "best_params": {
    "subsample": 0.7,
    "reg_lambda": 2.0,
    "reg_alpha": 1.0,
    "n_estimators": 500,
    "max_depth": 3,
    "learning_rate": 0.05,
    "colsample_bytree": 0.8,
    "random_state": 42,
    "n_jobs": -1,
    "verbosity": 0
  },
  "selected_features": [
    "y_lag_1",
    "y_ma_7",
    "y_above_ma30",
    "y_ma_30",
    "y_ma_14",
    "y_above_ma7",
    "y_lag_3",
    "y_lag_7",
    "y_lag_30",
    "y_lag_14",
    "dayofweek",
    "day_sin",
    "dayofyear",
    "year",
    "y_volatility_14",
    "y_volatility_7",
    "y_change_1",
    "RH_std_30",
    "StnPres_std_30",
    "RH_ma_30",
    "StnPres_std_14",
    "StnPres_ma_30",
    "Precp_ma_30",
    "RH_ma_3",
    "y_change_7"
  ],
  "validation_metrics": {
    "R2": 0.9072069092886643,
    "RMSE": 2.05170742646922,
    "MAE": 1.542903693818698,
    "MAPE": 7.778749583177873,
    "successful_windows": 20
  },
  "test_metrics": {
    "R2": 0.7992562870637436,
    "RMSE": 0.8676607797784527,
    "MAE": 0.6549683240433813,
    "MAPE": 3.0226727148292265,
    "successful_windows": 12,
    "total_predictions": 71
  }
}