{
  "vege_id": "50",
  "best_params": {
    "subsample": 1.0,
    "reg_lambda": 1.5,
    "reg_alpha": 0.5,
    "n_estimators": 200,
    "max_depth": 4,
    "learning_rate": 0.1,
    "colsample_bytree": 0.7,
    "random_state": 42,
    "n_jobs": -1,
    "verbosity": 0
  },
  "selected_features": [
    "y_lag_1",
    "y_ma_7",
    "y_above_ma30",
    "y_ma_30",
    "y_ma_14",
    "y_above_ma7",
    "y_lag_3",
    "y_lag_7",
    "y_lag_30",
    "y_lag_14",
    "dayofweek",
    "day_sin",
    "dayofyear",
    "year",
    "y_volatility_14",
    "y_volatility_7",
    "y_change_1",
    "RH_std_30",
    "StnPres_std_30",
    "RH_ma_30",
    "StnPres_std_14",
    "StnPres_ma_30",
    "Precp_ma_30",
    "RH_ma_3",
    "y_change_7"
  ],
  "validation_metrics": {
    "R2": 0.9158777613502157,
    "RMSE": 10.118942975883824,
    "MAE": 5.596988315309797,
    "MAPE": 10.023073980504117,
    "successful_windows": 20
  },
  "test_metrics": {
    "R2": 0.8795389054938283,
    "RMSE": 5.57820626333522,
    "MAE": 4.274025075133418,
    "MAPE": 10.296263917279669,
    "successful_windows": 12,
    "total_predictions": 71
  }
}