{
  "vege_id": "45",
  "best_params": {
    "subsample": 0.9,
    "reg_lambda": 0.5,
    "reg_alpha": 1.0,
    "n_estimators": 100,
    "max_depth": 6,
    "learning_rate": 0.15,
    "colsample_bytree": 0.7,
    "random_state": 42,
    "n_jobs": -1,
    "verbosity": 0
  },
  "selected_features": [
    "y_lag_1",
    "y_ma_7",
    "y_above_ma30",
    "y_ma_30",
    "y_ma_14",
    "y_above_ma7",
    "y_lag_3",
    "y_lag_7",
    "y_lag_30",
    "y_lag_14",
    "dayofweek",
    "day_sin",
    "dayofyear",
    "year",
    "y_volatility_14",
    "y_volatility_7",
    "y_change_1",
    "RH_std_30",
    "StnPres_std_30",
    "RH_ma_30",
    "StnPres_std_14",
    "StnPres_ma_30",
    "Precp_ma_30",
    "RH_ma_3",
    "y_change_7"
  ],
  "validation_metrics": {
    "R2": 0.7949277009083306,
    "RMSE": 2.8343356656621954,
    "MAE": 1.8038298769558176,
    "MAPE": 9.315346609081034,
    "successful_windows": 20
  },
  "test_metrics": {
    "R2": 0.7482057923766191,
    "RMSE": 2.342596803044255,
    "MAE": 1.6883310210536904,
    "MAPE": 10.753964963490967,
    "successful_windows": 12,
    "total_predictions": 71
  }
}