{
  "vege_id": "46",
  "best_params": {
    "subsample": 0.9,
    "reg_lambda": 0.5,
    "reg_alpha": 0.1,
    "n_estimators": 500,
    "max_depth": 8,
    "learning_rate": 0.15,
    "colsample_bytree": 0.9,
    "random_state": 42,
    "n_jobs": -1,
    "verbosity": 0
  },
  "selected_features": [
    "y_lag_1",
    "y_ma_7",
    "y_above_ma30",
    "y_ma_30",
    "y_ma_14",
    "y_above_ma7",
    "y_lag_3",
    "y_lag_7",
    "y_lag_30",
    "y_lag_14",
    "dayofweek",
    "day_sin",
    "dayofyear",
    "year",
    "y_volatility_14",
    "y_volatility_7",
    "y_change_1",
    "RH_std_30",
    "StnPres_std_30",
    "RH_ma_30",
    "StnPres_std_14",
    "StnPres_ma_30",
    "Precp_ma_30",
    "RH_ma_3",
    "y_change_7"
  ],
  "validation_metrics": {
    "R2": 0.8646770031190786,
    "RMSE": 8.0022962831958,
    "MAE": 4.867990113418467,
    "MAPE": 8.012809789153453,
    "successful_windows": 20
  },
  "test_metrics": {
    "R2": 0.913007852839063,
    "RMSE": 6.5767325143243776,
    "MAE": 3.9621549386037906,
    "MAPE": 7.093023242057485,
    "successful_windows": 12,
    "total_predictions": 71
  }
}