{
  "vege_id": "6",
  "best_params": {
    "subsample": 0.8,
    "reg_lambda": 2.0,
    "reg_alpha": 0,
    "n_estimators": 100,
    "max_depth": 7,
    "learning_rate": 0.15,
    "colsample_bytree": 0.8,
    "random_state": 42,
    "n_jobs": -1,
    "verbosity": 0
  },
  "selected_features": [
    "y_lag_1",
    "y_ma_7",
    "y_above_ma30",
    "y_ma_30",
    "y_ma_14",
    "y_above_ma7",
    "y_lag_3",
    "y_lag_7",
    "y_lag_30",
    "y_lag_14",
    "dayofweek",
    "day_sin",
    "dayofyear",
    "year",
    "y_volatility_14",
    "y_volatility_7",
    "y_change_1",
    "RH_std_30",
    "StnPres_std_30",
    "RH_ma_30",
    "StnPres_std_14",
    "StnPres_ma_30",
    "Precp_ma_30",
    "RH_ma_3",
    "y_change_7"
  ],
  "validation_metrics": {
    "R2": 0.8639742821158771,
    "RMSE": 9.336596774252223,
    "MAE": 5.269528173182133,
    "MAPE": 10.302688115723058,
    "successful_windows": 20
  },
  "test_metrics": {
    "R2": 0.8259043945348761,
    "RMSE": 19.734033769821647,
    "MAE": 11.12785992322649,
    "MAPE": 16.70349233179486,
    "successful_windows": 12,
    "total_predictions": 70
  }
}