{
  "vege_id": "33",
  "best_params": {
    "subsample": 0.7,
    "reg_lambda": 2.0,
    "reg_alpha": 1.0,
    "n_estimators": 500,
    "max_depth": 3,
    "learning_rate": 0.05,
    "colsample_bytree": 0.8,
    "random_state": 42,
    "n_jobs": -1,
    "verbosity": 0
  },
  "selected_features": [
    "y_lag_1",
    "y_ma_7",
    "y_above_ma30",
    "y_ma_30",
    "y_ma_14",
    "y_above_ma7",
    "y_lag_3",
    "y_lag_7",
    "y_lag_30",
    "y_lag_14",
    "dayofweek",
    "day_sin",
    "dayofyear",
    "year",
    "y_volatility_14",
    "y_volatility_7",
    "y_change_1",
    "RH_std_30",
    "StnPres_std_30",
    "RH_ma_30",
    "StnPres_std_14",
    "StnPres_ma_30",
    "Precp_ma_30",
    "RH_ma_3",
    "y_change_7"
  ],
  "validation_metrics": {
    "R2": 0.9252273536514317,
    "RMSE": 1.749050855201987,
    "MAE": 1.1178433700895656,
    "MAPE": 4.392195808671309,
    "successful_windows": 20
  },
  "test_metrics": {
    "R2": 0.8203068846878278,
    "RMSE": 0.949296703546623,
    "MAE": 0.7117814625484841,
    "MAPE": 3.451790203342621,
    "successful_windows": 12,
    "total_predictions": 71
  }
}