{
  "vege_id": "16",
  "best_params": {
    "subsample": 0.8,
    "reg_lambda": 0.5,
    "reg_alpha": 0,
    "n_estimators": 300,
    "max_depth": 6,
    "learning_rate": 0.1,
    "colsample_bytree": 0.7,
    "random_state": 42,
    "n_jobs": -1,
    "verbosity": 0
  },
  "selected_features": [
    "y_lag_1",
    "y_ma_7",
    "y_above_ma30",
    "y_ma_30",
    "y_ma_14",
    "y_above_ma7",
    "y_lag_3",
    "y_lag_7",
    "y_lag_30",
    "y_lag_14",
    "dayofweek",
    "day_sin",
    "dayofyear",
    "year",
    "y_volatility_14",
    "y_volatility_7",
    "y_change_1",
    "RH_std_30",
    "StnPres_std_30",
    "RH_ma_30",
    "StnPres_std_14",
    "StnPres_ma_30",
    "Precp_ma_30",
    "RH_ma_3",
    "y_change_7"
  ],
  "validation_metrics": {
    "R2": 0.9458799472407176,
    "RMSE": 4.814682804758277,
    "MAE": 3.0842157103545476,
    "MAPE": 14.86444239724537,
    "successful_windows": 20
  },
  "test_metrics": {
    "R2": 0.8377416120992376,
    "RMSE": 11.639562123571292,
    "MAE": 6.925389386313301,
    "MAPE": 15.391224584749782,
    "successful_windows": 12,
    "total_predictions": 70
  }
}