{
  "vege_id": "11",
  "best_params": {
    "subsample": 0.7,
    "reg_lambda": 0.5,
    "reg_alpha": 0.5,
    "n_estimators": 300,
    "max_depth": 5,
    "learning_rate": 0.2,
    "colsample_bytree": 0.9,
    "random_state": 42,
    "n_jobs": -1,
    "verbosity": 0
  },
  "selected_features": [
    "dayofweek",
    "dayofyear",
    "day",
    "day_sin",
    "day_cos",
    "weekday_sin",
    "weekday_cos",
    "y_lag_1",
    "y_lag_3",
    "y_lag_7",
    "y_lag_14",
    "y_ma_7",
    "y_ma_14",
    "y_ma_30",
    "y_change_1",
    "y_volatility_7",
    "y_volatility_14",
    "y_pct_change_1",
    "y_pct_change_7",
    "y_above_ma30",
    "StnPres",
    "StnPres_ma_3",
    "StnPres_std_7",
    "StnPres_ma_14",
    "StnPres_std_14",
    "StnPres_ma_30",
    "StnPres_dev30",
    "Temperature",
    "Temperature_std_3",
    "Temperature_ma_7",
    "Temperature_std_14",
    "Temperature_ma_30",
    "Temperature_std_30",
    "Temperature_delta1",
    "Temperature_delta7",
    "Temperature_z30",
    "RH",
    "RH_std_7",
    "RH_ma_14",
    "RH_std_14",
    "RH_ma_30",
    "RH_std_30",
    "RH_delta1",
    "RH_z30",
    "WS_ma_3",
    "WS_std_3",
    "WS_std_7",
    "WS_std_14",
    "WS_ma_30",
    "WS_std_30",
    "WS_dev30",
    "WS_delta1",
    "WS_delta7",
    "WS_z30",
    "Precp_ma_3",
    "Precp_std_3",
    "Precp_ma_7",
    "Precp_ma_14",
    "Precp_std_14",
    "Precp_ma_30",
    "Precp_std_30",
    "Precp_dev30",
    "Precp_delta1",
    "typhoon_ma_14",
    "typhoon_ma_30"
  ],
  "validation_metrics": {
    "R2": 0.6972718135225651,
    "RMSE": 13.754854162266236,
    "MAE": 9.443926069440634,
    "MAPE": 36.420590118434205,
    "successful_windows": 20
  },
  "test_metrics": {
    "R2": 0.4615466941935136,
    "RMSE": 27.614182155639902,
    "MAE": 20.059057636805942,
    "MAPE": 38.411215570742186,
    "successful_windows": 12,
    "total_predictions": 70
  }
}