{
  "vege_id": "7",
  "best_params": {
    "subsample": 1.0,
    "reg_lambda": 1.5,
    "reg_alpha": 1.0,
    "n_estimators": 300,
    "max_depth": 4,
    "learning_rate": 0.2,
    "colsample_bytree": 0.7,
    "random_state": 42,
    "n_jobs": -1,
    "verbosity": 0
  },
  "selected_features": [
    "dayofweek",
    "dayofyear",
    "day",
    "day_sin",
    "day_cos",
    "weekday_sin",
    "weekday_cos",
    "y_lag_1",
    "y_lag_3",
    "y_lag_7",
    "y_lag_14",
    "y_lag_30",
    "y_ma_7",
    "y_ma_14",
    "y_ma_30",
    "y_change_1",
    "y_change_7",
    "y_volatility_7",
    "y_volatility_14",
    "y_pct_change_1",
    "y_pct_change_7",
    "y_above_ma7",
    "y_above_ma30",
    "StnPres",
    "StnPres_ma_7",
    "StnPres_std_7",
    "StnPres_ma_14",
    "StnPres_std_14",
    "StnPres_ma_30",
    "StnPres_dev30",
    "Temperature",
    "Temperature_std_3",
    "Temperature_ma_7",
    "Temperature_ma_30",
    "Temperature_dev30",
    "Temperature_z30",
    "RH_ma_7",
    "RH_std_7",
    "RH_ma_14",
    "RH_std_14",
    "RH_std_30",
    "RH_delta7",
    "RH_z30",
    "WS_ma_3",
    "WS_ma_7",
    "WS_std_14",
    "WS_dev30",
    "WS_delta1",
    "WS_z30",
    "Precp",
    "Precp_ma_3",
    "Precp_ma_7",
    "Precp_std_7",
    "Precp_ma_14",
    "Precp_std_14",
    "Precp_ma_30",
    "Precp_std_30",
    "Precp_dev30",
    "Precp_delta7",
    "Precp_z30",
    "typhoon_std_3",
    "typhoon_ma_14",
    "typhoon_ma_30",
    "typhoon_dev30",
    "typhoon_delta7"
  ],
  "validation_metrics": {
    "R2": 0.8078489696355337,
    "RMSE": 5.687320308877438,
    "MAE": 4.19327357716804,
    "MAPE": 17.735500882914064,
    "successful_windows": 20
  },
  "test_metrics": {
    "R2": 0.5583091898179633,
    "RMSE": 19.095135605397893,
    "MAE": 11.651326980590822,
    "MAPE": 24.88338893621409,
    "successful_windows": 12,
    "total_predictions": 71
  }
}