{
  "vege_id": "26",
  "best_params": {
    "subsample": 0.7,
    "reg_lambda": 2.0,
    "reg_alpha": 0.1,
    "n_estimators": 200,
    "max_depth": 6,
    "learning_rate": 0.05,
    "colsample_bytree": 0.7,
    "random_state": 42,
    "n_jobs": -1,
    "verbosity": 0
  },
  "selected_features": [
    "is_spring",
    "day_sin",
    "day_cos",
    "y_lag_1",
    "y_lag_3",
    "y_lag_7",
    "y_lag_14",
    "y_lag_30",
    "y_ma_7",
    "y_ma_14",
    "y_ma_30",
    "y_change_7",
    "y_change_30",
    "y_volatility_7",
    "y_volatility_14",
    "y_pct_change_1",
    "y_pct_change_7",
    "y_above_ma7",
    "StnPres",
    "StnPres_ma_7",
    "StnPres_std_7",
    "StnPres_ma_14",
    "StnPres_std_14",
    "StnPres_ma_30",
    "StnPres_std_30",
    "StnPres_dev30",
    "StnPres_delta1",
    "StnPres_z30",
    "Temperature_ma_3",
    "Temperature_std_3",
    "Temperature_ma_7",
    "Temperature_std_7",
    "Temperature_ma_14",
    "Temperature_std_14",
    "Temperature_ma_30",
    "Temperature_dev30",
    "Temperature_delta1",
    "Temperature_z30",
    "RH_ma_3",
    "RH_std_3",
    "RH_ma_7",
    "RH_ma_14",
    "RH_std_14",
    "RH_dev30",
    "RH_delta7",
    "RH_z30",
    "WS",
    "WS_std_3",
    "WS_ma_7",
    "WS_std_7",
    "WS_ma_14",
    "WS_std_14",
    "WS_ma_30",
    "WS_std_30",
    "WS_dev30",
    "WS_delta1",
    "WS_delta7",
    "WS_z30",
    "Precp",
    "Precp_ma_3",
    "Precp_std_3",
    "Precp_ma_14",
    "Precp_std_30",
    "Precp_dev30",
    "Precp_z30"
  ],
  "validation_metrics": {
    "R2": 0.5443576908850856,
    "RMSE": 78.7380714403645,
    "MAE": 46.75911299537209,
    "MAPE": 26.38280630354719,
    "successful_windows": 20
  },
  "test_metrics": {
    "R2": 0.43851786428199035,
    "RMSE": 24.971484596637914,
    "MAE": 17.614923610142295,
    "MAPE": 14.57518573535563,
    "successful_windows": 12,
    "total_predictions": 70
  }
}