{
  "vege_id": "35",
  "best_params": {
    "subsample": 1.0,
    "reg_lambda": 2.0,
    "reg_alpha": 1.0,
    "n_estimators": 300,
    "max_depth": 5,
    "learning_rate": 0.2,
    "colsample_bytree": 0.7,
    "random_state": 42,
    "n_jobs": -1,
    "verbosity": 0
  },
  "selected_features": [
    "dayofweek",
    "dayofyear",
    "year",
    "month_sin",
    "day_sin",
    "day_cos",
    "weekday_sin",
    "weekday_cos",
    "y_lag_1",
    "y_lag_3",
    "y_lag_7",
    "y_lag_14",
    "y_ma_7",
    "y_ma_14",
    "y_ma_30",
    "y_change_7",
    "y_volatility_7",
    "y_volatility_14",
    "y_pct_change_1",
    "y_pct_change_7",
    "y_above_ma7",
    "y_above_ma30",
    "StnPres_ma_3",
    "StnPres_std_7",
    "StnPres_std_14",
    "StnPres_ma_30",
    "StnPres_dev30",
    "StnPres_delta7",
    "StnPres_extreme_any",
    "Temperature_ma_3",
    "Temperature_ma_7",
    "Temperature_ma_14",
    "Temperature_std_14",
    "Temperature_ma_30",
    "Temperature_std_30",
    "Temperature_dev30",
    "Temperature_delta1",
    "Temperature_delta7",
    "Temperature_z30",
    "RH",
    "RH_std_3",
    "RH_ma_7",
    "RH_std_7",
    "RH_std_14",
    "RH_ma_30",
    "RH_std_30",
    "RH_delta1",
    "WS_std_3",
    "WS_ma_7",
    "WS_std_7",
    "WS_std_14",
    "WS_ma_30",
    "WS_std_30",
    "Precp_std_3",
    "Precp_std_7",
    "Precp_ma_14",
    "Precp_std_14",
    "Precp_std_30",
    "Precp_delta7",
    "Precp_z30",
    "typhoon",
    "typhoon_std_3",
    "typhoon_ma_30",
    "typhoon_std_30",
    "typhoon_dev30"
  ],
  "validation_metrics": {
    "R2": 0.7358256650378472,
    "RMSE": 11.262651950738556,
    "MAE": 8.066887729869169,
    "MAPE": 7.8260619245785215,
    "successful_windows": 20
  },
  "test_metrics": {
    "R2": 0.6766142107537205,
    "RMSE": 8.165543599047531,
    "MAE": 6.45456349117655,
    "MAPE": 6.8215468574694045,
    "successful_windows": 12,
    "total_predictions": 71
  }
}