{
  "vege_id": "16",
  "best_params": {
    "subsample": 0.8,
    "reg_lambda": 1.5,
    "reg_alpha": 1.0,
    "n_estimators": 200,
    "max_depth": 3,
    "learning_rate": 0.05,
    "colsample_bytree": 0.8,
    "random_state": 42,
    "n_jobs": -1,
    "verbosity": 0
  },
  "selected_features": [
    "dayofweek",
    "week",
    "day_sin",
    "day_cos",
    "weekday_sin",
    "y_lag_1",
    "y_lag_3",
    "y_lag_7",
    "y_ma_7",
    "y_ma_14",
    "y_change_1",
    "y_change_7",
    "y_volatility_7",
    "y_volatility_14",
    "y_pct_change_1",
    "y_pct_change_7",
    "y_above_ma7",
    "y_above_ma30",
    "StnPres_std_3",
    "StnPres_ma_7",
    "StnPres_ma_14",
    "StnPres_std_14",
    "StnPres_ma_30",
    "StnPres_dev30",
    "StnPres_delta7",
    "StnPres_z30",
    "Temperature_ma_3",
    "Temperature_std_3",
    "Temperature_ma_7",
    "Temperature_std_14",
    "Temperature_ma_30",
    "Temperature_std_30",
    "Temperature_dev30",
    "Temperature_delta1",
    "Temperature_delta7",
    "Temperature_z30",
    "RH",
    "RH_ma_7",
    "RH_ma_14",
    "RH_ma_30",
    "RH_std_30",
    "RH_dev30",
    "RH_delta7",
    "RH_z30",
    "WS",
    "WS_ma_3",
    "WS_ma_7",
    "WS_std_7",
    "WS_ma_14",
    "WS_std_14",
    "WS_std_30",
    "WS_dev30",
    "WS_delta1",
    "WS_delta7",
    "WS_z30",
    "Precp_ma_14",
    "Precp_std_14",
    "Precp_ma_30",
    "Precp_std_30",
    "Precp_dev30",
    "Precp_delta1",
    "Precp_z30",
    "typhoon_std_14",
    "typhoon_ma_30",
    "typhoon_std_30"
  ],
  "validation_metrics": {
    "R2": 0.925403532270267,
    "RMSE": 5.652592875085705,
    "MAE": 3.9217421073635133,
    "MAPE": 19.182229563853614,
    "successful_windows": 20
  },
  "test_metrics": {
    "R2": 0.8005708082776557,
    "RMSE": 12.904091347935234,
    "MAE": 7.9977418523515995,
    "MAPE": 18.57135987651706,
    "successful_windows": 12,
    "total_predictions": 70
  }
}