{
  "vege_id": "41",
  "best_params": {
    "subsample": 0.7,
    "reg_lambda": 2.0,
    "reg_alpha": 0.1,
    "n_estimators": 200,
    "max_depth": 6,
    "learning_rate": 0.05,
    "colsample_bytree": 0.7,
    "random_state": 42,
    "n_jobs": -1,
    "verbosity": 0
  },
  "selected_features": [
    "dayofweek",
    "week",
    "is_winter",
    "day_cos",
    "weekday_cos",
    "y_lag_1",
    "y_lag_3",
    "y_lag_7",
    "y_lag_30",
    "y_ma_7",
    "y_ma_14",
    "y_ma_30",
    "y_change_7",
    "y_volatility_14",
    "y_pct_change_7",
    "y_above_ma7",
    "y_above_ma30",
    "StnPres",
    "StnPres_ma_3",
    "StnPres_ma_7",
    "StnPres_ma_14",
    "StnPres_std_14",
    "StnPres_ma_30",
    "StnPres_std_30",
    "StnPres_dev30",
    "StnPres_z30",
    "Temperature",
    "Temperature_ma_3",
    "Temperature_ma_7",
    "Temperature_ma_14",
    "Temperature_ma_30",
    "Temperature_z30",
    "RH_std_7",
    "RH_ma_14",
    "RH_ma_30",
    "RH_std_30",
    "RH_dev30",
    "RH_extreme_high",
    "RH_extreme_any",
    "WS",
    "WS_std_3",
    "WS_ma_7",
    "WS_std_7",
    "WS_ma_14",
    "WS_std_14",
    "WS_std_30",
    "WS_delta1",
    "WS_z30",
    "Precp",
    "Precp_ma_3",
    "Precp_std_3",
    "Precp_ma_7",
    "Precp_std_7",
    "Precp_ma_14",
    "Precp_std_14",
    "Precp_ma_30",
    "Precp_std_30",
    "Precp_dev30",
    "Precp_z30",
    "typhoon",
    "typhoon_ma_14",
    "typhoon_ma_30",
    "typhoon_std_30",
    "typhoon_dev30",
    "typhoon_z30"
  ],
  "validation_metrics": {
    "R2": 0.7211071433102154,
    "RMSE": 5.495129514135741,
    "MAE": 3.856902748282629,
    "MAPE": 14.670391007386241,
    "successful_windows": 20
  },
  "test_metrics": {
    "R2": -1.4710482196831247,
    "RMSE": 5.054954417997503,
    "MAE": 3.8179219230445653,
    "MAPE": 31.3335847697912,
    "successful_windows": 8,
    "total_predictions": 37
  }
}