{
  "vege_id": "6",
  "best_params": {
    "subsample": 0.8,
    "reg_lambda": 1.5,
    "reg_alpha": 1.0,
    "n_estimators": 200,
    "max_depth": 3,
    "learning_rate": 0.05,
    "colsample_bytree": 0.8,
    "random_state": 42,
    "n_jobs": -1,
    "verbosity": 0
  },
  "selected_features": [
    "dayofweek",
    "month_sin",
    "day_sin",
    "day_cos",
    "weekday_sin",
    "weekday_cos",
    "y_lag_1",
    "y_lag_3",
    "y_lag_7",
    "y_lag_14",
    "y_ma_7",
    "y_change_1",
    "y_change_7",
    "y_change_30",
    "y_volatility_7",
    "y_volatility_14",
    "y_pct_change_1",
    "y_pct_change_7",
    "y_above_ma7",
    "y_above_ma30",
    "StnPres",
    "StnPres_ma_3",
    "StnPres_std_3",
    "StnPres_std_7",
    "StnPres_ma_14",
    "StnPres_std_14",
    "StnPres_std_30",
    "StnPres_dev30",
    "StnPres_delta7",
    "StnPres_z30",
    "Temperature",
    "Temperature_std_3",
    "Temperature_std_14",
    "Temperature_ma_30",
    "Temperature_delta1",
    "Temperature_delta7",
    "RH",
    "RH_std_3",
    "RH_ma_14",
    "RH_std_14",
    "RH_ma_30",
    "RH_std_30",
    "RH_dev30",
    "RH_z30",
    "WS_ma_3",
    "WS_std_3",
    "WS_ma_7",
    "WS_std_7",
    "WS_ma_14",
    "WS_std_14",
    "WS_ma_30",
    "WS_std_30",
    "WS_dev30",
    "WS_delta1",
    "WS_delta7",
    "WS_z30",
    "Precp",
    "Precp_ma_7",
    "Precp_ma_14",
    "Precp_ma_30",
    "Precp_std_30",
    "Precp_dev30",
    "Precp_delta7",
    "typhoon_ma_7",
    "typhoon_dev30"
  ],
  "validation_metrics": {
    "R2": 0.8398969988764888,
    "RMSE": 10.129262503167011,
    "MAE": 6.185783518213425,
    "MAPE": 12.468587055450191,
    "successful_windows": 20
  },
  "test_metrics": {
    "R2": 0.8054626157426453,
    "RMSE": 20.860441639833024,
    "MAE": 11.770217521667481,
    "MAPE": 19.720673649169502,
    "successful_windows": 12,
    "total_predictions": 70
  }
}