{
  "vege_id": "28",
  "best_params": {
    "subsample": 0.9,
    "reg_lambda": 0.5,
    "reg_alpha": 0.1,
    "n_estimators": 500,
    "max_depth": 8,
    "learning_rate": 0.15,
    "colsample_bytree": 0.9,
    "random_state": 42,
    "n_jobs": -1,
    "verbosity": 0
  },
  "selected_features": [
    "dayofweek",
    "day",
    "week",
    "year",
    "day_sin",
    "day_cos",
    "weekday_sin",
    "weekday_cos",
    "y_lag_1",
    "y_lag_3",
    "y_lag_7",
    "y_lag_30",
    "y_ma_7",
    "y_ma_14",
    "y_ma_30",
    "y_change_1",
    "y_change_7",
    "y_volatility_7",
    "y_volatility_14",
    "y_pct_change_7",
    "StnPres",
    "StnPres_ma_7",
    "StnPres_ma_14",
    "StnPres_std_14",
    "StnPres_ma_30",
    "StnPres_std_30",
    "StnPres_dev30",
    "StnPres_delta1",
    "StnPres_delta7",
    "StnPres_z30",
    "Temperature",
    "Temperature_ma_3",
    "Temperature_std_3",
    "Temperature_ma_7",
    "Temperature_std_7",
    "Temperature_ma_14",
    "Temperature_std_14",
    "Temperature_dev30",
    "Temperature_delta1",
    "Temperature_delta7",
    "Temperature_z30",
    "RH",
    "RH_std_3",
    "RH_ma_7",
    "RH_std_7",
    "RH_ma_14",
    "RH_ma_30",
    "RH_std_30",
    "RH_dev30",
    "RH_delta1",
    "RH_delta7",
    "WS",
    "WS_std_3",
    "WS_ma_7",
    "WS_std_7",
    "WS_ma_14",
    "WS_std_30",
    "WS_delta1",
    "Precp_ma_7",
    "Precp_ma_14",
    "Precp_std_14",
    "Precp_ma_30",
    "Precp_dev30",
    "Precp_z30",
    "typhoon_ma_14"
  ],
  "validation_metrics": {
    "R2": 0.6438098154847767,
    "RMSE": 44.297172868893206,
    "MAE": 23.476532510353703,
    "MAPE": 11.230427979125578,
    "successful_windows": 20
  },
  "test_metrics": {
    "R2": 0.6379833337526086,
    "RMSE": 36.737579642336854,
    "MAE": 24.69183900669643,
    "MAPE": 11.811172222666713,
    "successful_windows": 12,
    "total_predictions": 70
  }
}