{
  "vege_id": "49",
  "best_params": {
    "subsample": 0.9,
    "reg_lambda": 0.5,
    "reg_alpha": 0,
    "n_estimators": 300,
    "max_depth": 5,
    "learning_rate": 0.1,
    "colsample_bytree": 0.8,
    "random_state": 42,
    "n_jobs": -1,
    "verbosity": 0
  },
  "selected_features": [
    "dayofweek",
    "day",
    "year",
    "month_cos",
    "weekday_sin",
    "weekday_cos",
    "y_lag_1",
    "y_lag_3",
    "y_lag_7",
    "y_lag_14",
    "y_lag_30",
    "y_ma_7",
    "y_ma_14",
    "y_ma_30",
    "y_change_1",
    "y_change_7",
    "y_volatility_14",
    "y_pct_change_1",
    "y_pct_change_7",
    "StnPres",
    "StnPres_ma_7",
    "StnPres_ma_14",
    "StnPres_std_14",
    "StnPres_ma_30",
    "StnPres_dev30",
    "StnPres_delta7",
    "StnPres_z30",
    "Temperature",
    "Temperature_ma_7",
    "Temperature_std_7",
    "Temperature_ma_14",
    "Temperature_std_14",
    "Temperature_ma_30",
    "Temperature_std_30",
    "Temperature_delta1",
    "Temperature_delta7",
    "Temperature_z30",
    "RH",
    "RH_ma_3",
    "RH_std_7",
    "RH_ma_14",
    "RH_std_14",
    "RH_std_30",
    "RH_dev30",
    "RH_extreme_any",
    "WS_ma_3",
    "WS_std_3",
    "WS_ma_7",
    "WS_ma_14",
    "WS_std_14",
    "WS_ma_30",
    "WS_std_30",
    "WS_delta1",
    "WS_delta7",
    "Precp_ma_3",
    "Precp_ma_7",
    "Precp_std_7",
    "Precp_std_14",
    "Precp_ma_30",
    "Precp_std_30",
    "Precp_dev30",
    "Precp_delta7",
    "Precp_z30",
    "typhoon_std_7",
    "typhoon_ma_14"
  ],
  "validation_metrics": {
    "R2": 0.49623955549933485,
    "RMSE": 24.832466963651644,
    "MAE": 10.539909792712134,
    "MAPE": 11.907901593224835,
    "successful_windows": 20
  },
  "test_metrics": {
    "R2": 0.8335865955671906,
    "RMSE": 12.23041605610957,
    "MAE": 8.201530946543517,
    "MAPE": 13.909267142540422,
    "successful_windows": 12,
    "total_predictions": 71
  }
}