{
  "vege_id": "44",
  "best_params": {
    "subsample": 1.0,
    "reg_lambda": 1.0,
    "reg_alpha": 0,
    "n_estimators": 200,
    "max_depth": 3,
    "learning_rate": 0.15,
    "colsample_bytree": 1.0,
    "random_state": 42,
    "n_jobs": -1,
    "verbosity": 0
  },
  "selected_features": [
    "day",
    "day_sin",
    "day_cos",
    "weekday_sin",
    "y_lag_1",
    "y_lag_3",
    "y_lag_7",
    "y_lag_30",
    "y_ma_7",
    "y_ma_14",
    "y_ma_30",
    "y_change_1",
    "y_volatility_7",
    "y_volatility_14",
    "y_pct_change_1",
    "y_above_ma7",
    "y_above_ma30",
    "StnPres",
    "StnPres_std_3",
    "StnPres_ma_7",
    "StnPres_ma_14",
    "StnPres_std_14",
    "StnPres_ma_30",
    "StnPres_std_30",
    "StnPres_z30",
    "Temperature_ma_3",
    "Temperature_std_3",
    "Temperature_ma_7",
    "Temperature_std_7",
    "Temperature_ma_14",
    "Temperature_std_14",
    "Temperature_ma_30",
    "Temperature_std_30",
    "Temperature_dev30",
    "Temperature_delta1",
    "Temperature_delta7",
    "Temperature_z30",
    "RH_ma_7",
    "RH_std_7",
    "RH_std_14",
    "RH_ma_30",
    "RH_std_30",
    "RH_delta1",
    "RH_z30",
    "WS",
    "WS_ma_3",
    "WS_ma_7",
    "WS_std_7",
    "WS_ma_14",
    "WS_std_14",
    "WS_dev30",
    "WS_delta7",
    "WS_z30",
    "WS_extreme_low",
    "Precp",
    "Precp_ma_3",
    "Precp_std_3",
    "Precp_std_14",
    "Precp_ma_30",
    "Precp_std_30",
    "Precp_dev30",
    "Precp_delta1",
    "Precp_delta7",
    "typhoon_std_7",
    "typhoon_ma_30"
  ],
  "validation_metrics": {
    "R2": 0.4229548889038517,
    "RMSE": 30.348153255212615,
    "MAE": 18.879702066017764,
    "MAPE": 29.79123729265849,
    "successful_windows": 20
  },
  "test_metrics": {
    "R2": 0.40093528697704506,
    "RMSE": 37.71483921038001,
    "MAE": 22.73967469460624,
    "MAPE": 38.16100781190267,
    "successful_windows": 12,
    "total_predictions": 70
  }
}