{
  "vege_id": "39",
  "best_params": {
    "subsample": 0.8,
    "reg_lambda": 1.5,
    "reg_alpha": 0.5,
    "n_estimators": 300,
    "max_depth": 7,
    "learning_rate": 0.2,
    "colsample_bytree": 1.0,
    "random_state": 42,
    "n_jobs": -1,
    "verbosity": 0
  },
  "selected_features": [
    "dayofweek",
    "dayofyear",
    "is_autumn",
    "is_winter",
    "month_sin",
    "month_cos",
    "day_sin",
    "day_cos",
    "weekday_cos",
    "y_lag_1",
    "y_lag_3",
    "y_lag_7",
    "y_lag_14",
    "y_lag_30",
    "y_ma_7",
    "y_ma_14",
    "y_ma_30",
    "y_change_1",
    "y_change_30",
    "y_volatility_14",
    "y_pct_change_7",
    "StnPres",
    "StnPres_ma_7",
    "StnPres_std_7",
    "StnPres_ma_14",
    "StnPres_std_14",
    "StnPres_ma_30",
    "StnPres_std_30",
    "StnPres_delta1",
    "StnPres_z30",
    "Temperature_ma_14",
    "Temperature_ma_30",
    "Temperature_std_30",
    "Temperature_dev30",
    "Temperature_delta7",
    "Temperature_extreme_low",
    "RH",
    "RH_ma_7",
    "RH_std_7",
    "RH_std_14",
    "RH_std_30",
    "WS_ma_3",
    "WS_std_3",
    "WS_ma_7",
    "WS_ma_14",
    "WS_std_14",
    "WS_dev30",
    "WS_delta1",
    "WS_delta7",
    "WS_extreme_any",
    "Precp_std_3",
    "Precp_ma_7",
    "Precp_ma_14",
    "Precp_std_14",
    "Precp_ma_30",
    "Precp_std_30",
    "Precp_dev30",
    "Precp_delta1",
    "Precp_delta7",
    "Precp_z30",
    "typhoon",
    "typhoon_ma_7",
    "typhoon_ma_14",
    "typhoon_ma_30",
    "typhoon_delta7"
  ],
  "validation_metrics": {
    "R2": 0.35711834124221686,
    "RMSE": 8.805241851101314,
    "MAE": 6.000400646237561,
    "MAPE": 16.53260234528873,
    "successful_windows": 20
  },
  "test_metrics": {
    "R2": -0.11822243345403916,
    "RMSE": 9.740747873245537,
    "MAE": 7.3258242830548985,
    "MAPE": 15.719863871086325,
    "successful_windows": 12,
    "total_predictions": 70
  }
}