{
  "vege_id": "19",
  "best_params": {
    "subsample": 1.0,
    "reg_lambda": 1.0,
    "reg_alpha": 0,
    "n_estimators": 200,
    "max_depth": 3,
    "learning_rate": 0.15,
    "colsample_bytree": 1.0,
    "random_state": 42,
    "n_jobs": -1,
    "verbosity": 0
  },
  "selected_features": [
    "dayofweek",
    "dayofyear",
    "month_sin",
    "month_cos",
    "day_sin",
    "y_lag_1",
    "y_lag_3",
    "y_lag_7",
    "y_lag_14",
    "y_lag_30",
    "y_ma_7",
    "y_ma_14",
    "y_ma_30",
    "y_change_1",
    "y_change_7",
    "y_change_30",
    "y_volatility_7",
    "y_pct_change_1",
    "y_pct_change_7",
    "y_above_ma7",
    "StnPres_ma_7",
    "StnPres_std_7",
    "StnPres_ma_14",
    "StnPres_std_14",
    "StnPres_ma_30",
    "StnPres_delta1",
    "StnPres_delta7",
    "StnPres_z30",
    "Temperature",
    "Temperature_ma_3",
    "Temperature_std_3",
    "Temperature_std_7",
    "Temperature_ma_14",
    "Temperature_std_14",
    "Temperature_ma_30",
    "Temperature_std_30",
    "Temperature_delta1",
    "Temperature_delta7",
    "Temperature_z30",
    "RH",
    "RH_ma_3",
    "RH_std_7",
    "RH_std_14",
    "RH_ma_30",
    "RH_std_30",
    "RH_dev30",
    "WS_ma_3",
    "WS_std_3",
    "WS_std_7",
    "WS_ma_14",
    "WS_std_14",
    "WS_ma_30",
    "WS_std_30",
    "WS_dev30",
    "WS_delta1",
    "WS_z30",
    "Precp",
    "Precp_ma_3",
    "Precp_ma_14",
    "Precp_ma_30",
    "Precp_std_30",
    "Precp_dev30",
    "Precp_delta7",
    "Precp_z30",
    "typhoon_ma_30"
  ],
  "validation_metrics": {
    "R2": 0.8169582089683948,
    "RMSE": 18.10013358842807,
    "MAE": 12.942146212724003,
    "MAPE": 27.30427822773503,
    "successful_windows": 20
  },
  "test_metrics": {
    "R2": 0.7364320944753644,
    "RMSE": 21.85299756299563,
    "MAE": 16.178506302969797,
    "MAPE": 20.52900279824832,
    "successful_windows": 12,
    "total_predictions": 70
  }
}