{
  "vege_id": "4",
  "best_params": {
    "subsample": 0.8,
    "reg_lambda": 1.5,
    "reg_alpha": 1.0,
    "n_estimators": 200,
    "max_depth": 3,
    "learning_rate": 0.05,
    "colsample_bytree": 0.8,
    "random_state": 42,
    "n_jobs": -1,
    "verbosity": 0
  },
  "selected_features": [
    "dayofweek",
    "dayofyear",
    "week",
    "month_cos",
    "weekday_cos",
    "y_lag_1",
    "y_lag_3",
    "y_lag_7",
    "y_lag_30",
    "y_ma_7",
    "y_ma_30",
    "y_change_1",
    "y_change_30",
    "y_volatility_7",
    "y_volatility_14",
    "y_pct_change_1",
    "y_pct_change_7",
    "y_above_ma7",
    "y_above_ma30",
    "StnPres_ma_3",
    "StnPres_std_3",
    "StnPres_std_7",
    "StnPres_ma_14",
    "StnPres_std_14",
    "StnPres_ma_30",
    "StnPres_std_30",
    "StnPres_dev30",
    "StnPres_delta7",
    "Temperature",
    "Temperature_std_3",
    "Temperature_ma_7",
    "Temperature_ma_14",
    "Temperature_std_14",
    "Temperature_ma_30",
    "Temperature_std_30",
    "Temperature_dev30",
    "Temperature_z30",
    "RH",
    "RH_ma_7",
    "RH_std_7",
    "RH_ma_14",
    "RH_std_14",
    "RH_ma_30",
    "RH_std_30",
    "RH_delta1",
    "RH_delta7",
    "WS_ma_3",
    "WS_std_3",
    "WS_ma_7",
    "WS_ma_14",
    "WS_std_30",
    "WS_dev30",
    "WS_delta7",
    "Precp_ma_7",
    "Precp_ma_14",
    "Precp_std_14",
    "Precp_ma_30",
    "Precp_std_30",
    "Precp_dev30",
    "Precp_delta7",
    "Precp_z30",
    "typhoon_ma_7",
    "typhoon_std_7",
    "typhoon_ma_14",
    "typhoon_ma_30"
  ],
  "validation_metrics": {
    "R2": 0.5301459177425581,
    "RMSE": 9.845344206579902,
    "MAE": 7.091553235895494,
    "MAPE": 19.443090979276008,
    "successful_windows": 20
  },
  "test_metrics": {
    "R2": 0.5890288807669224,
    "RMSE": 12.909878828270832,
    "MAE": 9.486545370397435,
    "MAPE": 23.7267027529076,
    "successful_windows": 12,
    "total_predictions": 71
  }
}