{
  "vege_id": "59",
  "best_params": {
    "subsample": 0.7,
    "reg_lambda": 2.0,
    "reg_alpha": 1.0,
    "n_estimators": 500,
    "max_depth": 3,
    "learning_rate": 0.05,
    "colsample_bytree": 0.8,
    "random_state": 42,
    "n_jobs": -1,
    "verbosity": 0
  },
  "selected_features": [
    "dayofweek",
    "dayofyear",
    "week",
    "year",
    "month_cos",
    "day_sin",
    "day_cos",
    "weekday_sin",
    "weekday_cos",
    "y_lag_1",
    "y_lag_3",
    "y_lag_7",
    "y_lag_30",
    "y_ma_7",
    "y_ma_14",
    "y_ma_30",
    "y_change_1",
    "y_change_7",
    "y_volatility_7",
    "y_pct_change_1",
    "y_pct_change_7",
    "y_above_ma7",
    "y_above_ma30",
    "StnPres_ma_3",
    "StnPres_ma_7",
    "StnPres_ma_14",
    "StnPres_std_14",
    "StnPres_ma_30",
    "StnPres_std_30",
    "StnPres_dev30",
    "Temperature",
    "Temperature_ma_3",
    "Temperature_std_3",
    "Temperature_ma_7",
    "Temperature_std_7",
    "Temperature_ma_30",
    "Temperature_delta7",
    "Temperature_z30",
    "RH",
    "RH_std_3",
    "RH_std_7",
    "RH_std_30",
    "RH_dev30",
    "WS",
    "WS_ma_3",
    "WS_std_3",
    "WS_ma_7",
    "WS_ma_14",
    "WS_std_14",
    "WS_std_30",
    "WS_dev30",
    "WS_delta1",
    "Precp_ma_3",
    "Precp_std_3",
    "Precp_std_7",
    "Precp_ma_14",
    "Precp_ma_30",
    "Precp_dev30",
    "Precp_delta7",
    "Precp_z30",
    "typhoon",
    "typhoon_ma_7",
    "typhoon_ma_14",
    "typhoon_std_14",
    "typhoon_dev30"
  ],
  "validation_metrics": {
    "R2": 0.7919653501692664,
    "RMSE": 18.843821873817323,
    "MAE": 14.326234878318898,
    "MAPE": 15.527333299962919,
    "successful_windows": 20
  },
  "test_metrics": {
    "R2": 0.5463563384537837,
    "RMSE": 40.82126030263758,
    "MAE": 26.14049283234969,
    "MAPE": 19.58628638768992,
    "successful_windows": 11,
    "total_predictions": 46
  }
}