{
  "vege_id": "27",
  "best_params": {
    "subsample": 1.0,
    "reg_lambda": 1.0,
    "reg_alpha": 0.1,
    "n_estimators": 300,
    "max_depth": 5,
    "learning_rate": 0.15,
    "colsample_bytree": 0.9,
    "random_state": 42,
    "n_jobs": -1,
    "verbosity": 0
  },
  "selected_features": [
    "dayofweek",
    "dayofyear",
    "week",
    "is_spring",
    "day_sin",
    "weekday_cos",
    "y_lag_1",
    "y_lag_3",
    "y_lag_14",
    "y_ma_7",
    "y_ma_30",
    "y_change_1",
    "y_volatility_7",
    "y_volatility_14",
    "y_pct_change_1",
    "y_pct_change_7",
    "y_above_ma7",
    "y_above_ma30",
    "StnPres_std_7",
    "StnPres_ma_30",
    "StnPres_std_30",
    "StnPres_dev30",
    "StnPres_z30",
    "Temperature",
    "Temperature_ma_7",
    "Temperature_std_7",
    "Temperature_ma_14",
    "Temperature_std_14",
    "Temperature_ma_30",
    "Temperature_std_30",
    "Temperature_dev30",
    "Temperature_delta1",
    "Temperature_delta7",
    "Temperature_z30",
    "RH_ma_3",
    "RH_std_3",
    "RH_ma_7",
    "RH_ma_14",
    "RH_std_14",
    "RH_ma_30",
    "RH_std_30",
    "RH_dev30",
    "RH_delta7",
    "RH_z30",
    "WS_ma_3",
    "WS_std_3",
    "WS_ma_7",
    "WS_std_7",
    "WS_ma_14",
    "WS_std_14",
    "WS_ma_30",
    "WS_std_30",
    "WS_dev30",
    "WS_z30",
    "Precp_ma_3",
    "Precp_ma_7",
    "Precp_std_7",
    "Precp_ma_14",
    "Precp_std_14",
    "Precp_std_30",
    "Precp_delta7",
    "Precp_z30",
    "typhoon",
    "typhoon_ma_7",
    "typhoon_ma_14"
  ],
  "validation_metrics": {
    "R2": 0.4859192688871171,
    "RMSE": 6.559705054457842,
    "MAE": 4.812983026713351,
    "MAPE": 22.795207709070624,
    "successful_windows": 20
  },
  "test_metrics": {
    "R2": 0.460609608490959,
    "RMSE": 15.508402315625801,
    "MAE": 8.910135634831018,
    "MAPE": 20.796545881023455,
    "successful_windows": 12,
    "total_predictions": 70
  }
}