{
  "vege_id": "10",
  "best_params": {
    "subsample": 0.8,
    "reg_lambda": 1.0,
    "reg_alpha": 0.1,
    "n_estimators": 300,
    "max_depth": 3,
    "learning_rate": 0.1,
    "colsample_bytree": 0.7,
    "random_state": 42,
    "n_jobs": -1,
    "verbosity": 0
  },
  "selected_features": [
    "dayofweek",
    "day",
    "day_sin",
    "weekday_sin",
    "weekday_cos",
    "y_lag_1",
    "y_lag_3",
    "y_lag_7",
    "y_lag_14",
    "y_ma_7",
    "y_ma_14",
    "y_change_1",
    "y_change_7",
    "y_volatility_7",
    "y_volatility_14",
    "y_pct_change_1",
    "y_pct_change_7",
    "y_above_ma7",
    "y_above_ma30",
    "StnPres",
    "StnPres_std_3",
    "StnPres_std_7",
    "StnPres_std_14",
    "StnPres_ma_30",
    "StnPres_std_30",
    "StnPres_dev30",
    "StnPres_z30",
    "Temperature_ma_3",
    "Temperature_std_7",
    "Temperature_ma_14",
    "Temperature_ma_30",
    "Temperature_std_30",
    "Temperature_dev30",
    "Temperature_delta7",
    "Temperature_z30",
    "RH_ma_3",
    "RH_std_3",
    "RH_ma_7",
    "RH_std_7",
    "RH_ma_14",
    "RH_std_30",
    "RH_dev30",
    "RH_delta7",
    "RH_z30",
    "WS_ma_3",
    "WS_ma_7",
    "WS_ma_14",
    "WS_std_14",
    "WS_std_30",
    "WS_dev30",
    "WS_delta1",
    "WS_delta7",
    "WS_z30",
    "WS_extreme_low",
    "Precp_ma_7",
    "Precp_std_7",
    "Precp_ma_14",
    "Precp_std_14",
    "Precp_std_30",
    "Precp_dev30",
    "Precp_delta7",
    "Precp_z30",
    "typhoon_ma_14",
    "typhoon_std_14",
    "typhoon_delta1"
  ],
  "validation_metrics": {
    "R2": 0.877142246325327,
    "RMSE": 3.9236096199120265,
    "MAE": 2.8322056405440623,
    "MAPE": 13.348211444320043,
    "successful_windows": 20
  },
  "test_metrics": {
    "R2": 0.6047002293232702,
    "RMSE": 14.172853460926762,
    "MAE": 9.048150955522562,
    "MAPE": 23.723209356774678,
    "successful_windows": 12,
    "total_predictions": 71
  }
}