{
  "vege_id": "60",
  "best_params": {
    "subsample": 1.0,
    "reg_lambda": 0.5,
    "reg_alpha": 1.0,
    "n_estimators": 300,
    "max_depth": 4,
    "learning_rate": 0.15,
    "colsample_bytree": 0.9,
    "random_state": 42,
    "n_jobs": -1,
    "verbosity": 0
  },
  "selected_features": [
    "dayofweek",
    "is_summer",
    "day_sin",
    "weekday_sin",
    "weekday_cos",
    "y_lag_1",
    "y_lag_3",
    "y_lag_7",
    "y_lag_14",
    "y_lag_30",
    "y_ma_7",
    "y_ma_14",
    "y_ma_30",
    "y_change_1",
    "y_change_7",
    "y_volatility_7",
    "y_pct_change_1",
    "y_pct_change_7",
    "y_above_ma7",
    "StnPres",
    "StnPres_std_7",
    "StnPres_std_14",
    "StnPres_ma_30",
    "StnPres_std_30",
    "StnPres_dev30",
    "StnPres_delta1",
    "StnPres_z30",
    "Temperature_ma_3",
    "Temperature_ma_14",
    "Temperature_std_14",
    "Temperature_ma_30",
    "Temperature_std_30",
    "Temperature_dev30",
    "Temperature_delta7",
    "Temperature_z30",
    "RH",
    "RH_ma_7",
    "RH_ma_14",
    "RH_std_14",
    "RH_std_30",
    "RH_dev30",
    "RH_delta7",
    "RH_z30",
    "WS_ma_7",
    "WS_std_7",
    "WS_ma_14",
    "WS_ma_30",
    "WS_std_30",
    "WS_dev30",
    "WS_delta1",
    "WS_delta7",
    "WS_z30",
    "Precp_ma_3",
    "Precp_std_3",
    "Precp_std_7",
    "Precp_ma_14",
    "Precp_std_14",
    "Precp_ma_30",
    "Precp_dev30",
    "Precp_delta1",
    "Precp_delta7",
    "Precp_z30",
    "typhoon_ma_7",
    "typhoon_ma_14",
    "typhoon_dev30"
  ],
  "validation_metrics": {
    "R2": 0.775274454128283,
    "RMSE": 16.144000026827086,
    "MAE": 11.428297964913506,
    "MAPE": 11.813218762787239,
    "successful_windows": 20
  },
  "test_metrics": {
    "R2": 0.7189052565538565,
    "RMSE": 35.7808765515217,
    "MAE": 22.462018007090396,
    "MAPE": 15.455790439836752,
    "successful_windows": 12,
    "total_predictions": 71
  }
}