{
  "vege_id": "34",
  "best_params": {
    "subsample": 0.7,
    "reg_lambda": 1.0,
    "reg_alpha": 0.1,
    "n_estimators": 100,
    "max_depth": 4,
    "learning_rate": 0.05,
    "colsample_bytree": 0.8,
    "random_state": 42,
    "n_jobs": -1,
    "verbosity": 0
  },
  "selected_features": [
    "dayofweek",
    "dayofyear",
    "week",
    "year",
    "month_sin",
    "day_sin",
    "weekday_cos",
    "y_lag_1",
    "y_lag_3",
    "y_lag_7",
    "y_lag_14",
    "y_lag_30",
    "y_ma_7",
    "y_ma_14",
    "y_ma_30",
    "y_change_1",
    "y_change_7",
    "y_volatility_7",
    "y_volatility_14",
    "y_pct_change_1",
    "y_above_ma7",
    "y_above_ma30",
    "StnPres_ma_3",
    "StnPres_ma_7",
    "StnPres_ma_14",
    "StnPres_ma_30",
    "StnPres_dev30",
    "StnPres_delta1",
    "StnPres_delta7",
    "Temperature",
    "Temperature_ma_3",
    "Temperature_std_3",
    "Temperature_std_7",
    "Temperature_ma_14",
    "Temperature_std_14",
    "Temperature_ma_30",
    "Temperature_std_30",
    "Temperature_dev30",
    "Temperature_delta7",
    "RH",
    "RH_ma_7",
    "RH_ma_14",
    "RH_ma_30",
    "RH_std_30",
    "RH_dev30",
    "RH_delta1",
    "RH_z30",
    "WS_ma_3",
    "WS_std_3",
    "WS_std_7",
    "WS_std_30",
    "WS_delta7",
    "WS_z30",
    "Precp_ma_3",
    "Precp_std_3",
    "Precp_ma_7",
    "Precp_std_7",
    "Precp_ma_14",
    "Precp_std_14",
    "Precp_dev30",
    "Precp_delta1",
    "Precp_delta7",
    "Precp_z30",
    "typhoon",
    "typhoon_dev30"
  ],
  "validation_metrics": {
    "R2": 0.5307699961323622,
    "RMSE": 6.790221124054287,
    "MAE": 4.823434650586999,
    "MAPE": 10.570706822669516,
    "successful_windows": 20
  },
  "test_metrics": {
    "R2": 0.40779339092114775,
    "RMSE": 9.33190599463672,
    "MAE": 6.513949337811537,
    "MAPE": 9.58506486426131,
    "successful_windows": 12,
    "total_predictions": 71
  }
}