{
  "vege_id": "33",
  "best_params": {
    "subsample": 0.8,
    "reg_lambda": 1.5,
    "reg_alpha": 1.0,
    "n_estimators": 200,
    "max_depth": 3,
    "learning_rate": 0.05,
    "colsample_bytree": 0.8,
    "random_state": 42,
    "n_jobs": -1,
    "verbosity": 0
  },
  "selected_features": [
    "dayofweek",
    "dayofyear",
    "week",
    "year",
    "day_sin",
    "weekday_sin",
    "weekday_cos",
    "y_lag_1",
    "y_lag_3",
    "y_lag_7",
    "y_lag_14",
    "y_lag_30",
    "y_ma_7",
    "y_ma_14",
    "y_ma_30",
    "y_change_7",
    "y_volatility_7",
    "y_volatility_14",
    "y_pct_change_1",
    "y_pct_change_7",
    "y_above_ma7",
    "y_above_ma30",
    "StnPres",
    "StnPres_ma_7",
    "StnPres_std_7",
    "StnPres_ma_14",
    "StnPres_ma_30",
    "StnPres_extreme_high",
    "Temperature_ma_3",
    "Temperature_std_3",
    "Temperature_ma_7",
    "Temperature_std_7",
    "Temperature_std_14",
    "Temperature_ma_30",
    "Temperature_std_30",
    "Temperature_delta7",
    "Temperature_z30",
    "RH_ma_3",
    "RH_std_3",
    "RH_std_7",
    "RH_ma_14",
    "RH_std_14",
    "RH_ma_30",
    "RH_std_30",
    "RH_delta7",
    "RH_z30",
    "WS_std_3",
    "WS_ma_14",
    "WS_std_14",
    "WS_ma_30",
    "WS_std_30",
    "WS_z30",
    "Precp",
    "Precp_ma_3",
    "Precp_ma_7",
    "Precp_std_7",
    "Precp_ma_14",
    "Precp_dev30",
    "Precp_delta1",
    "Precp_delta7",
    "Precp_z30",
    "typhoon_ma_14",
    "typhoon_std_14",
    "typhoon_ma_30",
    "typhoon_dev30"
  ],
  "validation_metrics": {
    "R2": 0.7787349868208758,
    "RMSE": 3.008759228826976,
    "MAE": 1.9786038141180995,
    "MAPE": 7.529752522709608,
    "successful_windows": 20
  },
  "test_metrics": {
    "R2": 0.49380703545493154,
    "RMSE": 1.5932880766332664,
    "MAE": 1.282352672093351,
    "MAPE": 6.179055127902176,
    "successful_windows": 12,
    "total_predictions": 71
  }
}