{
  "vege_id": "1",
  "best_params": {
    "subsample": 0.7,
    "reg_lambda": 2.0,
    "reg_alpha": 1.0,
    "n_estimators": 300,
    "max_depth": 7,
    "learning_rate": 0.2,
    "colsample_bytree": 0.8,
    "random_state": 42,
    "n_jobs": -1,
    "verbosity": 0
  },
  "selected_features": [
    "dayofweek",
    "dayofyear",
    "day",
    "is_summer",
    "day_sin",
    "day_cos",
    "weekday_sin",
    "weekday_cos",
    "y_lag_1",
    "y_lag_3",
    "y_lag_7",
    "y_lag_14",
    "y_ma_7",
    "y_ma_30",
    "y_change_1",
    "y_change_7",
    "y_volatility_7",
    "y_volatility_14",
    "y_pct_change_1",
    "y_pct_change_7",
    "y_above_ma7",
    "y_above_ma30",
    "StnPres",
    "StnPres_ma_7",
    "StnPres_ma_14",
    "StnPres_std_14",
    "StnPres_ma_30",
    "StnPres_std_30",
    "Temperature",
    "Temperature_ma_3",
    "Temperature_ma_7",
    "Temperature_std_7",
    "Temperature_ma_14",
    "Temperature_std_14",
    "Temperature_ma_30",
    "Temperature_dev30",
    "Temperature_delta1",
    "Temperature_delta7",
    "RH",
    "RH_ma_3",
    "RH_ma_7",
    "RH_ma_14",
    "RH_ma_30",
    "RH_std_30",
    "RH_dev30",
    "RH_delta1",
    "RH_delta7",
    "WS_ma_7",
    "WS_std_7",
    "WS_ma_14",
    "WS_std_14",
    "WS_std_30",
    "WS_dev30",
    "Precp",
    "Precp_ma_3",
    "Precp_ma_14",
    "Precp_std_14",
    "Precp_ma_30",
    "Precp_std_30",
    "Precp_delta7",
    "Precp_z30",
    "typhoon_ma_14",
    "typhoon_ma_30",
    "typhoon_dev30",
    "typhoon_delta1"
  ],
  "validation_metrics": {
    "R2": 0.5213751858365936,
    "RMSE": 14.256597732327116,
    "MAE": 8.863932233868223,
    "MAPE": 26.309168891831757,
    "successful_windows": 20
  },
  "test_metrics": {
    "R2": 0.07485414021374259,
    "RMSE": 23.429846948924812,
    "MAE": 14.353491813871598,
    "MAPE": 48.75022567956797,
    "successful_windows": 9,
    "total_predictions": 36
  }
}