{
  "vege_id": "23",
  "best_params": {
    "subsample": 0.8,
    "reg_lambda": 0.5,
    "reg_alpha": 0,
    "n_estimators": 100,
    "max_depth": 6,
    "learning_rate": 0.05,
    "colsample_bytree": 0.7,
    "random_state": 42,
    "n_jobs": -1,
    "verbosity": 0
  },
  "selected_features": [
    "week",
    "day_sin",
    "day_cos",
    "weekday_cos",
    "y_lag_1",
    "y_lag_3",
    "y_lag_14",
    "y_ma_7",
    "y_ma_14",
    "y_ma_30",
    "y_change_7",
    "y_change_30",
    "y_volatility_7",
    "y_volatility_14",
    "y_pct_change_1",
    "y_above_ma7",
    "StnPres_ma_3",
    "StnPres_ma_7",
    "StnPres_std_7",
    "StnPres_ma_14",
    "StnPres_ma_30",
    "StnPres_std_30",
    "StnPres_z30",
    "Temperature_ma_3",
    "Temperature_std_3",
    "Temperature_ma_7",
    "Temperature_ma_14",
    "Temperature_std_14",
    "Temperature_ma_30",
    "Temperature_std_30",
    "Temperature_dev30",
    "Temperature_delta1",
    "Temperature_extreme_high",
    "RH",
    "RH_ma_3",
    "RH_ma_7",
    "RH_std_7",
    "RH_ma_14",
    "RH_std_14",
    "RH_ma_30",
    "RH_std_30",
    "RH_delta1",
    "RH_delta7",
    "WS",
    "WS_ma_3",
    "WS_std_3",
    "WS_ma_7",
    "WS_ma_14",
    "WS_std_14",
    "WS_ma_30",
    "WS_std_30",
    "Precp",
    "Precp_ma_3",
    "Precp_std_3",
    "Precp_ma_7",
    "Precp_std_7",
    "Precp_std_14",
    "Precp_ma_30",
    "Precp_std_30",
    "Precp_dev30",
    "Precp_delta1",
    "Precp_delta7",
    "Precp_z30",
    "typhoon_ma_7",
    "typhoon_std_7"
  ],
  "validation_metrics": {
    "R2": 0.6599539628209682,
    "RMSE": 53.140374223252834,
    "MAE": 30.117595597435447,
    "MAPE": 23.604558067262467,
    "successful_windows": 20
  },
  "test_metrics": {
    "R2": 0.6390817983621788,
    "RMSE": 58.544600336774955,
    "MAE": 34.41525476510184,
    "MAPE": 27.527093274654362,
    "successful_windows": 12,
    "total_predictions": 70
  }
}