{
  "vege_id": "18",
  "best_params": {
    "subsample": 0.8,
    "reg_lambda": 1.0,
    "reg_alpha": 0.5,
    "n_estimators": 100,
    "max_depth": 4,
    "learning_rate": 0.2,
    "colsample_bytree": 1.0,
    "random_state": 42,
    "n_jobs": -1,
    "verbosity": 0
  },
  "selected_features": [
    "dayofweek",
    "day",
    "day_sin",
    "y_lag_1",
    "y_lag_3",
    "y_lag_7",
    "y_lag_14",
    "y_lag_30",
    "y_ma_7",
    "y_ma_14",
    "y_ma_30",
    "y_change_1",
    "y_change_7",
    "y_change_30",
    "y_volatility_7",
    "y_pct_change_1",
    "y_above_ma7",
    "y_above_ma30",
    "StnPres",
    "StnPres_std_7",
    "StnPres_ma_14",
    "StnPres_ma_30",
    "StnPres_std_30",
    "StnPres_delta1",
    "StnPres_z30",
    "Temperature",
    "Temperature_ma_3",
    "Temperature_ma_7",
    "Temperature_std_7",
    "Temperature_ma_14",
    "Temperature_std_14",
    "Temperature_ma_30",
    "Temperature_delta1",
    "Temperature_delta7",
    "Temperature_z30",
    "Temperature_extreme_any",
    "RH",
    "RH_ma_3",
    "RH_std_7",
    "RH_ma_14",
    "RH_std_14",
    "RH_ma_30",
    "RH_std_30",
    "RH_delta1",
    "RH_delta7",
    "RH_z30",
    "WS_ma_3",
    "WS_std_3",
    "WS_std_7",
    "WS_ma_14",
    "WS_std_14",
    "WS_ma_30",
    "WS_std_30",
    "WS_dev30",
    "WS_delta7",
    "WS_extreme_low",
    "Precp",
    "Precp_ma_3",
    "Precp_std_3",
    "Precp_ma_14",
    "Precp_std_14",
    "Precp_std_30",
    "Precp_dev30",
    "Precp_z30",
    "typhoon"
  ],
  "validation_metrics": {
    "R2": 0.8354486696397112,
    "RMSE": 48.13970316565905,
    "MAE": 26.434811685534495,
    "MAPE": 32.73896378223709,
    "successful_windows": 20
  },
  "test_metrics": {
    "R2": 0.6624382189268506,
    "RMSE": 89.58688731755028,
    "MAE": 52.39086079557177,
    "MAPE": 21.64567831326145,
    "successful_windows": 12,
    "total_predictions": 71
  }
}