{
  "vege_id": "8",
  "best_params": {
    "subsample": 0.9,
    "reg_lambda": 0.5,
    "reg_alpha": 0,
    "n_estimators": 300,
    "max_depth": 5,
    "learning_rate": 0.2,
    "colsample_bytree": 0.8,
    "random_state": 42,
    "n_jobs": -1,
    "verbosity": 0
  },
  "selected_features": [
    "dayofweek",
    "day",
    "weekday_sin",
    "weekday_cos",
    "y_lag_1",
    "y_lag_3",
    "y_lag_7",
    "y_ma_7",
    "y_ma_14",
    "y_change_1",
    "y_volatility_7",
    "y_volatility_14",
    "y_pct_change_1",
    "y_pct_change_7",
    "y_above_ma7",
    "y_above_ma30",
    "StnPres_ma_3",
    "StnPres_ma_7",
    "StnPres_std_7",
    "StnPres_ma_14",
    "StnPres_std_14",
    "StnPres_ma_30",
    "StnPres_std_30",
    "StnPres_delta1",
    "StnPres_delta7",
    "Temperature",
    "Temperature_ma_3",
    "Temperature_std_3",
    "Temperature_std_14",
    "Temperature_ma_30",
    "Temperature_dev30",
    "Temperature_delta1",
    "Temperature_z30",
    "RH_ma_3",
    "RH_ma_7",
    "RH_std_7",
    "RH_ma_14",
    "RH_std_14",
    "RH_ma_30",
    "RH_std_30",
    "RH_dev30",
    "RH_delta7",
    "RH_z30",
    "WS",
    "WS_ma_3",
    "WS_std_3",
    "WS_ma_7",
    "WS_std_7",
    "WS_std_14",
    "WS_std_30",
    "WS_dev30",
    "WS_z30",
    "WS_extreme_low",
    "Precp_std_3",
    "Precp_ma_7",
    "Precp_std_7",
    "Precp_ma_14",
    "Precp_std_14",
    "Precp_std_30",
    "Precp_delta1",
    "Precp_delta7",
    "typhoon_ma_7",
    "typhoon_dev30",
    "typhoon_delta1",
    "typhoon_delta7"
  ],
  "validation_metrics": {
    "R2": 0.8696145295731994,
    "RMSE": 5.002344884754337,
    "MAE": 3.381999010003131,
    "MAPE": 13.265911664667069,
    "successful_windows": 20
  },
  "test_metrics": {
    "R2": 0.5375306892194698,
    "RMSE": 19.437620404724196,
    "MAE": 11.714397228402152,
    "MAPE": 24.21613776707722,
    "successful_windows": 12,
    "total_predictions": 71
  }
}