{
  "vege_id": "9",
  "best_params": {
    "subsample": 0.8,
    "reg_lambda": 0.5,
    "reg_alpha": 0,
    "n_estimators": 300,
    "max_depth": 6,
    "learning_rate": 0.1,
    "colsample_bytree": 0.7,
    "random_state": 42,
    "n_jobs": -1,
    "verbosity": 0
  },
  "selected_features": [
    "dayofweek",
    "day_cos",
    "weekday_cos",
    "y_lag_1",
    "y_lag_3",
    "y_lag_7",
    "y_lag_14",
    "y_ma_7",
    "y_ma_14",
    "y_ma_30",
    "y_change_1",
    "y_change_7",
    "y_volatility_14",
    "y_pct_change_1",
    "y_pct_change_7",
    "y_above_ma7",
    "y_above_ma30",
    "StnPres_std_3",
    "StnPres_ma_7",
    "StnPres_ma_14",
    "StnPres_std_14",
    "StnPres_ma_30",
    "StnPres_std_30",
    "StnPres_delta7",
    "StnPres_z30",
    "Temperature_ma_3",
    "Temperature_ma_14",
    "Temperature_std_14",
    "Temperature_ma_30",
    "Temperature_std_30",
    "Temperature_dev30",
    "Temperature_z30",
    "Temperature_extreme_any",
    "RH_ma_3",
    "RH_ma_7",
    "RH_std_7",
    "RH_ma_14",
    "RH_std_14",
    "RH_std_30",
    "RH_dev30",
    "RH_delta1",
    "RH_delta7",
    "RH_z30",
    "WS_ma_3",
    "WS_ma_7",
    "WS_std_7",
    "WS_std_14",
    "WS_std_30",
    "WS_dev30",
    "WS_z30",
    "Precp_ma_3",
    "Precp_std_3",
    "Precp_ma_7",
    "Precp_ma_14",
    "Precp_std_14",
    "Precp_ma_30",
    "Precp_std_30",
    "Precp_dev30",
    "Precp_delta1",
    "typhoon_ma_3",
    "typhoon_ma_14",
    "typhoon_std_14",
    "typhoon_ma_30",
    "typhoon_std_30",
    "typhoon_delta7"
  ],
  "validation_metrics": {
    "R2": 0.8243240792137492,
    "RMSE": 2.625151110179202,
    "MAE": 2.0775869986670363,
    "MAPE": 16.578921393428413,
    "successful_windows": 20
  },
  "test_metrics": {
    "R2": 0.790144267247463,
    "RMSE": 4.497321925109496,
    "MAE": 3.0182480648201957,
    "MAPE": 16.31294397782567,
    "successful_windows": 12,
    "total_predictions": 71
  }
}