{
  "vege_id": "42",
  "best_params": {
    "subsample": 0.9,
    "reg_lambda": 1.0,
    "reg_alpha": 0.5,
    "n_estimators": 200,
    "max_depth": 5,
    "learning_rate": 0.15,
    "colsample_bytree": 1.0,
    "random_state": 42,
    "n_jobs": -1,
    "verbosity": 0
  },
  "selected_features": [
    "dayofweek",
    "week",
    "day_sin",
    "y_lag_1",
    "y_lag_3",
    "y_lag_7",
    "y_lag_14",
    "y_lag_30",
    "y_ma_7",
    "y_ma_30",
    "y_change_1",
    "y_change_7",
    "y_volatility_7",
    "y_volatility_14",
    "y_pct_change_1",
    "y_pct_change_7",
    "y_above_ma7",
    "StnPres",
    "StnPres_ma_3",
    "StnPres_ma_7",
    "StnPres_std_7",
    "StnPres_ma_14",
    "StnPres_std_14",
    "StnPres_ma_30",
    "StnPres_std_30",
    "StnPres_dev30",
    "StnPres_delta1",
    "StnPres_delta7",
    "StnPres_z30",
    "Temperature_ma_3",
    "Temperature_std_3",
    "Temperature_ma_7",
    "Temperature_ma_14",
    "Temperature_std_14",
    "Temperature_ma_30",
    "Temperature_std_30",
    "Temperature_dev30",
    "Temperature_delta7",
    "Temperature_z30",
    "RH_ma_3",
    "RH_std_3",
    "RH_std_7",
    "RH_std_14",
    "RH_ma_30",
    "RH_std_30",
    "RH_dev30",
    "RH_delta1",
    "RH_delta7",
    "WS_std_3",
    "WS_ma_7",
    "WS_std_7",
    "WS_ma_14",
    "WS_std_14",
    "WS_std_30",
    "WS_delta1",
    "WS_delta7",
    "Precp_std_3",
    "Precp_ma_7",
    "Precp_ma_14",
    "Precp_std_14",
    "Precp_std_30",
    "Precp_delta1",
    "Precp_delta7",
    "Precp_z30",
    "typhoon_ma_14"
  ],
  "validation_metrics": {
    "R2": 0.28821618062474363,
    "RMSE": 8.232045198073346,
    "MAE": 4.157405016233596,
    "MAPE": 14.610831040822669,
    "successful_windows": 20
  },
  "test_metrics": {
    "R2": 0.8230142526037287,
    "RMSE": 9.323838027064484,
    "MAE": 6.239313003110215,
    "MAPE": 17.81670089067827,
    "successful_windows": 12,
    "total_predictions": 71
  }
}