{
  "vege_id": "25",
  "best_params": {
    "subsample": 0.9,
    "reg_lambda": 1.0,
    "reg_alpha": 0.5,
    "n_estimators": 200,
    "max_depth": 5,
    "learning_rate": 0.2,
    "colsample_bytree": 1.0,
    "random_state": 42,
    "n_jobs": -1,
    "verbosity": 0
  },
  "selected_features": [
    "dayofweek",
    "day",
    "month_cos",
    "day_sin",
    "day_cos",
    "weekday_sin",
    "y_lag_1",
    "y_lag_3",
    "y_lag_7",
    "y_lag_14",
    "y_lag_30",
    "y_ma_7",
    "y_ma_14",
    "y_ma_30",
    "y_change_1",
    "y_change_7",
    "y_volatility_7",
    "y_volatility_14",
    "y_pct_change_1",
    "y_pct_change_7",
    "y_above_ma7",
    "y_above_ma30",
    "StnPres",
    "StnPres_ma_7",
    "StnPres_ma_14",
    "StnPres_std_14",
    "StnPres_std_30",
    "StnPres_delta7",
    "StnPres_z30",
    "Temperature_ma_3",
    "Temperature_ma_7",
    "Temperature_std_7",
    "Temperature_ma_14",
    "Temperature_std_14",
    "Temperature_ma_30",
    "Temperature_std_30",
    "RH",
    "RH_ma_7",
    "RH_std_7",
    "RH_ma_14",
    "RH_std_14",
    "RH_delta7",
    "RH_z30",
    "WS",
    "WS_ma_3",
    "WS_std_7",
    "WS_ma_14",
    "WS_std_14",
    "WS_ma_30",
    "WS_std_30",
    "WS_dev30",
    "WS_delta1",
    "WS_delta7",
    "Precp_ma_7",
    "Precp_std_7",
    "Precp_ma_14",
    "Precp_std_14",
    "Precp_ma_30",
    "Precp_std_30",
    "Precp_z30",
    "typhoon_ma_3",
    "typhoon_std_3",
    "typhoon_std_7",
    "typhoon_ma_30",
    "typhoon_delta7"
  ],
  "validation_metrics": {
    "R2": 0.5804579711402035,
    "RMSE": 8.08198719205008,
    "MAE": 5.839144167934891,
    "MAPE": 8.17698092219955,
    "successful_windows": 20
  },
  "test_metrics": {
    "R2": 0.647311779806514,
    "RMSE": 14.837107041767364,
    "MAE": 10.348389820643833,
    "MAPE": 11.929431971608368,
    "successful_windows": 12,
    "total_predictions": 70
  }
}