{
  "vege_id": "36",
  "best_params": {
    "subsample": 0.7,
    "reg_lambda": 1.5,
    "reg_alpha": 0.1,
    "n_estimators": 200,
    "max_depth": 7,
    "learning_rate": 0.1,
    "colsample_bytree": 0.8,
    "random_state": 42,
    "n_jobs": -1,
    "verbosity": 0
  },
  "selected_features": [
    "dayofweek",
    "dayofyear",
    "year",
    "is_spring",
    "day_sin",
    "day_cos",
    "weekday_cos",
    "y_lag_1",
    "y_lag_3",
    "y_lag_7",
    "y_lag_14",
    "y_lag_30",
    "y_ma_7",
    "y_ma_14",
    "y_ma_30",
    "y_change_7",
    "y_volatility_7",
    "y_volatility_14",
    "y_pct_change_7",
    "StnPres",
    "StnPres_std_7",
    "StnPres_ma_14",
    "StnPres_std_14",
    "StnPres_ma_30",
    "StnPres_std_30",
    "StnPres_delta1",
    "StnPres_extreme_high",
    "Temperature",
    "Temperature_ma_7",
    "Temperature_std_7",
    "Temperature_ma_14",
    "Temperature_ma_30",
    "Temperature_std_30",
    "Temperature_z30",
    "RH",
    "RH_ma_3",
    "RH_std_3",
    "RH_ma_7",
    "RH_std_7",
    "RH_ma_14",
    "RH_std_14",
    "RH_ma_30",
    "RH_std_30",
    "RH_dev30",
    "RH_extreme_any",
    "WS",
    "WS_std_3",
    "WS_ma_7",
    "WS_ma_14",
    "WS_ma_30",
    "WS_std_30",
    "WS_delta1",
    "Precp",
    "Precp_std_3",
    "Precp_ma_7",
    "Precp_ma_14",
    "Precp_std_14",
    "Precp_ma_30",
    "Precp_std_30",
    "Precp_dev30",
    "Precp_delta7",
    "Precp_z30",
    "typhoon_ma_14",
    "typhoon_dev30",
    "typhoon_delta7"
  ],
  "validation_metrics": {
    "R2": 0.8401356822199831,
    "RMSE": 2.6929815602216793,
    "MAE": 1.9543694650691794,
    "MAPE": 10.025871672615235,
    "successful_windows": 20
  },
  "test_metrics": {
    "R2": 0.32442102007557094,
    "RMSE": 1.5917213982097502,
    "MAE": 1.2644772156191548,
    "MAPE": 5.8596334257766785,
    "successful_windows": 12,
    "total_predictions": 71
  }
}