{
  "vege_id": "32",
  "best_params": {
    "subsample": 0.7,
    "reg_lambda": 2.0,
    "reg_alpha": 1.0,
    "n_estimators": 300,
    "max_depth": 7,
    "learning_rate": 0.2,
    "colsample_bytree": 0.8,
    "random_state": 42,
    "n_jobs": -1,
    "verbosity": 0
  },
  "selected_features": [
    "dayofweek",
    "dayofyear",
    "day",
    "week",
    "is_autumn",
    "month_sin",
    "month_cos",
    "day_sin",
    "day_cos",
    "weekday_cos",
    "y_lag_1",
    "y_lag_3",
    "y_lag_7",
    "y_lag_14",
    "y_lag_30",
    "y_ma_7",
    "y_ma_14",
    "y_ma_30",
    "y_change_7",
    "y_volatility_7",
    "y_volatility_14",
    "y_pct_change_7",
    "y_above_ma7",
    "StnPres",
    "StnPres_ma_7",
    "StnPres_std_7",
    "StnPres_ma_14",
    "StnPres_ma_30",
    "StnPres_std_30",
    "StnPres_dev30",
    "StnPres_delta7",
    "StnPres_extreme_high",
    "StnPres_extreme_any",
    "Temperature_std_14",
    "Temperature_std_30",
    "Temperature_dev30",
    "Temperature_z30",
    "RH",
    "RH_ma_7",
    "RH_std_7",
    "RH_ma_14",
    "RH_std_14",
    "RH_ma_30",
    "RH_std_30",
    "RH_dev30",
    "RH_extreme_high",
    "WS_ma_3",
    "WS_std_3",
    "WS_ma_7",
    "WS_std_7",
    "WS_std_14",
    "WS_ma_30",
    "WS_std_30",
    "WS_z30",
    "Precp_ma_3",
    "Precp_std_3",
    "Precp_ma_7",
    "Precp_std_7",
    "Precp_ma_14",
    "Precp_std_14",
    "Precp_std_30",
    "Precp_delta1",
    "Precp_z30",
    "typhoon_std_7",
    "typhoon_ma_14"
  ],
  "validation_metrics": {
    "R2": 0.7046752447014029,
    "RMSE": 3.3023064400060638,
    "MAE": 2.5991857695753557,
    "MAPE": 10.837025916569331,
    "successful_windows": 20
  },
  "test_metrics": {
    "R2": 0.24475438737524302,
    "RMSE": 5.807814292665947,
    "MAE": 4.27187440684144,
    "MAPE": 14.599387955606696,
    "successful_windows": 12,
    "total_predictions": 71
  }
}