{
  "vege_id": "24",
  "best_params": {
    "subsample": 0.8,
    "reg_lambda": 1.5,
    "reg_alpha": 1.0,
    "n_estimators": 100,
    "max_depth": 8,
    "learning_rate": 0.05,
    "colsample_bytree": 1.0,
    "random_state": 42,
    "n_jobs": -1,
    "verbosity": 0
  },
  "selected_features": [
    "year",
    "weekday_sin",
    "y_lag_1",
    "y_lag_3",
    "y_lag_7",
    "y_ma_7",
    "y_ma_30",
    "y_change_1",
    "y_change_7",
    "y_pct_change_7",
    "y_above_ma7",
    "StnPres",
    "StnPres_std_3",
    "StnPres_ma_7",
    "StnPres_std_7",
    "StnPres_ma_14",
    "StnPres_std_14",
    "StnPres_ma_30",
    "StnPres_std_30",
    "StnPres_z30",
    "StnPres_extreme_low",
    "Temperature_ma_3",
    "Temperature_std_3",
    "Temperature_ma_7",
    "Temperature_std_7",
    "Temperature_ma_14",
    "Temperature_std_14",
    "Temperature_ma_30",
    "Temperature_std_30",
    "Temperature_delta1",
    "Temperature_delta7",
    "Temperature_extreme_any",
    "RH_ma_3",
    "RH_std_3",
    "RH_ma_7",
    "RH_std_7",
    "RH_ma_14",
    "RH_ma_30",
    "RH_delta7",
    "RH_z30",
    "WS_ma_3",
    "WS_ma_7",
    "WS_std_7",
    "WS_ma_14",
    "WS_ma_30",
    "WS_std_30",
    "WS_delta1",
    "WS_delta7",
    "WS_z30",
    "WS_extreme_high",
    "Precp",
    "Precp_ma_3",
    "Precp_std_7",
    "Precp_ma_14",
    "Precp_std_14",
    "Precp_ma_30",
    "Precp_std_30",
    "Precp_dev30",
    "Precp_delta1",
    "Precp_delta7",
    "Precp_z30",
    "typhoon_std_7",
    "typhoon_ma_30",
    "typhoon_dev30",
    "typhoon_delta7"
  ],
  "validation_metrics": {
    "R2": 0.6642108138695583,
    "RMSE": 42.33767476817883,
    "MAE": 29.150204924423328,
    "MAPE": 18.747970904698114,
    "successful_windows": 20
  },
  "test_metrics": {
    "R2": -0.07634270938665666,
    "RMSE": 42.86481690359422,
    "MAE": 32.18942792184012,
    "MAPE": 15.758361998585132,
    "successful_windows": 12,
    "total_predictions": 70
  }
}