{
  "vege_id": "51",
  "best_params": {
    "subsample": 0.9,
    "reg_lambda": 0.5,
    "reg_alpha": 1.0,
    "n_estimators": 100,
    "max_depth": 6,
    "learning_rate": 0.15,
    "colsample_bytree": 0.7,
    "random_state": 42,
    "n_jobs": -1,
    "verbosity": 0
  },
  "selected_features": [
    "is_summer",
    "month_cos",
    "day_sin",
    "day_cos",
    "weekday_cos",
    "y_lag_1",
    "y_lag_3",
    "y_lag_7",
    "y_ma_7",
    "y_ma_14",
    "y_ma_30",
    "y_change_7",
    "y_volatility_7",
    "y_volatility_14",
    "y_pct_change_7",
    "y_above_ma30",
    "StnPres_ma_7",
    "StnPres_ma_14",
    "StnPres_std_14",
    "StnPres_ma_30",
    "StnPres_std_30",
    "StnPres_dev30",
    "StnPres_z30",
    "Temperature",
    "Temperature_ma_3",
    "Temperature_ma_7",
    "Temperature_ma_14",
    "Temperature_std_14",
    "Temperature_ma_30",
    "Temperature_delta7",
    "Temperature_z30",
    "RH_std_3",
    "RH_ma_7",
    "RH_std_7",
    "RH_ma_14",
    "RH_std_14",
    "RH_std_30",
    "RH_delta1",
    "RH_delta7",
    "WS",
    "WS_ma_3",
    "WS_ma_7",
    "WS_std_7",
    "WS_ma_14",
    "WS_std_14",
    "WS_std_30",
    "WS_dev30",
    "WS_z30",
    "Precp_ma_3",
    "Precp_std_3",
    "Precp_ma_7",
    "Precp_ma_14",
    "Precp_std_14",
    "Precp_ma_30",
    "Precp_std_30",
    "Precp_delta7",
    "Precp_z30",
    "typhoon",
    "typhoon_std_3",
    "typhoon_std_7",
    "typhoon_ma_14",
    "typhoon_ma_30",
    "typhoon_dev30",
    "typhoon_delta7",
    "typhoon_z30"
  ],
  "validation_metrics": {
    "R2": 0.6388565606197523,
    "RMSE": 10.871178059382366,
    "MAE": 6.672823082653445,
    "MAPE": 16.569464774117286,
    "successful_windows": 20
  },
  "test_metrics": {
    "R2": 0.5022012464239092,
    "RMSE": 14.953104736006496,
    "MAE": 10.87977355617947,
    "MAPE": 18.35433706369758,
    "successful_windows": 11,
    "total_predictions": 45
  }
}