{
  "vege_id": "31",
  "best_params": {
    "subsample": 0.7,
    "reg_lambda": 2.0,
    "reg_alpha": 1.0,
    "n_estimators": 300,
    "max_depth": 7,
    "learning_rate": 0.2,
    "colsample_bytree": 0.8,
    "random_state": 42,
    "n_jobs": -1,
    "verbosity": 0
  },
  "selected_features": [
    "month",
    "dayofweek",
    "dayofyear",
    "day",
    "week",
    "is_summer",
    "is_winter",
    "month_sin",
    "month_cos",
    "day_sin",
    "day_cos",
    "weekday_sin",
    "weekday_cos",
    "y_lag_1",
    "y_lag_3",
    "y_lag_7",
    "y_lag_14",
    "y_ma_7",
    "y_ma_14",
    "y_ma_30",
    "y_change_7",
    "y_volatility_7",
    "y_volatility_14",
    "y_pct_change_1",
    "y_pct_change_7",
    "y_above_ma7",
    "StnPres",
    "StnPres_std_3",
    "StnPres_ma_14",
    "StnPres_std_14",
    "StnPres_ma_30",
    "StnPres_std_30",
    "StnPres_dev30",
    "Temperature",
    "Temperature_ma_7",
    "Temperature_ma_14",
    "Temperature_std_14",
    "Temperature_ma_30",
    "Temperature_std_30",
    "Temperature_delta7",
    "Temperature_z30",
    "RH_std_3",
    "RH_ma_14",
    "RH_std_14",
    "RH_ma_30",
    "RH_std_30",
    "RH_delta1",
    "RH_z30",
    "WS_ma_14",
    "WS_std_14",
    "WS_ma_30",
    "WS_std_30",
    "WS_extreme_any",
    "Precp_ma_7",
    "Precp_ma_14",
    "Precp_std_14",
    "Precp_ma_30",
    "Precp_std_30",
    "Precp_delta1",
    "typhoon_ma_7",
    "typhoon_ma_14",
    "typhoon_std_30",
    "typhoon_dev30",
    "typhoon_delta7",
    "typhoon_z30"
  ],
  "validation_metrics": {
    "R2": 0.8785559635519286,
    "RMSE": 3.196122101220663,
    "MAE": 2.279754333774539,
    "MAPE": 15.96960829375339,
    "successful_windows": 20
  },
  "test_metrics": {
    "R2": 0.6954634163256861,
    "RMSE": 2.40271271279712,
    "MAE": 1.6540053864599955,
    "MAPE": 8.007497884077495,
    "successful_windows": 12,
    "total_predictions": 71
  }
}