{
  "vege_id": "55",
  "best_params": {
    "subsample": 0.7,
    "reg_lambda": 1.0,
    "reg_alpha": 0.5,
    "n_estimators": 500,
    "max_depth": 4,
    "learning_rate": 0.15,
    "colsample_bytree": 0.7,
    "random_state": 42,
    "n_jobs": -1,
    "verbosity": 0
  },
  "selected_features": [
    "dayofweek",
    "dayofyear",
    "day",
    "is_autumn",
    "month_cos",
    "day_sin",
    "day_cos",
    "weekday_sin",
    "weekday_cos",
    "y_lag_1",
    "y_lag_3",
    "y_lag_7",
    "y_lag_14",
    "y_ma_7",
    "y_ma_30",
    "y_change_7",
    "y_volatility_7",
    "y_volatility_14",
    "y_pct_change_1",
    "y_pct_change_7",
    "y_above_ma7",
    "y_above_ma30",
    "StnPres_ma_3",
    "StnPres_ma_7",
    "StnPres_ma_14",
    "StnPres_std_14",
    "StnPres_ma_30",
    "StnPres_dev30",
    "StnPres_delta7",
    "StnPres_extreme_any",
    "Temperature",
    "Temperature_ma_3",
    "Temperature_std_3",
    "Temperature_ma_14",
    "Temperature_std_14",
    "Temperature_ma_30",
    "Temperature_std_30",
    "Temperature_dev30",
    "Temperature_z30",
    "RH_std_3",
    "RH_std_7",
    "RH_ma_14",
    "RH_ma_30",
    "RH_std_30",
    "RH_delta1",
    "RH_z30",
    "WS",
    "WS_ma_3",
    "WS_std_7",
    "WS_std_14",
    "WS_ma_30",
    "WS_std_30",
    "WS_dev30",
    "Precp_ma_3",
    "Precp_std_3",
    "Precp_ma_14",
    "Precp_std_14",
    "Precp_ma_30",
    "Precp_dev30",
    "Precp_delta7",
    "Precp_z30",
    "typhoon_std_14",
    "typhoon_ma_30",
    "typhoon_dev30",
    "typhoon_delta1"
  ],
  "validation_metrics": {
    "R2": 0.773223857337165,
    "RMSE": 14.85693745898227,
    "MAE": 10.734879613723198,
    "MAPE": 15.109823989113297,
    "successful_windows": 20
  },
  "test_metrics": {
    "R2": 0.7153470382040699,
    "RMSE": 12.828265816502768,
    "MAE": 9.720049012949769,
    "MAPE": 15.321977001540777,
    "successful_windows": 12,
    "total_predictions": 71
  }
}