{
  "vege_id": "52",
  "best_params": {
    "subsample": 0.9,
    "reg_lambda": 1.5,
    "reg_alpha": 0,
    "n_estimators": 500,
    "max_depth": 4,
    "learning_rate": 0.15,
    "colsample_bytree": 1.0,
    "random_state": 42,
    "n_jobs": -1,
    "verbosity": 0
  },
  "selected_features": [
    "dayofweek",
    "dayofyear",
    "week",
    "day_cos",
    "weekday_cos",
    "y_lag_1",
    "y_lag_3",
    "y_lag_14",
    "y_lag_30",
    "y_ma_7",
    "y_ma_14",
    "y_change_1",
    "y_change_7",
    "y_pct_change_1",
    "y_pct_change_7",
    "y_above_ma7",
    "StnPres",
    "StnPres_ma_3",
    "StnPres_ma_7",
    "StnPres_ma_14",
    "StnPres_ma_30",
    "StnPres_std_30",
    "StnPres_delta7",
    "StnPres_z30",
    "Temperature_std_3",
    "Temperature_ma_7",
    "Temperature_ma_14",
    "Temperature_std_14",
    "Temperature_ma_30",
    "Temperature_std_30",
    "Temperature_dev30",
    "Temperature_delta7",
    "Temperature_z30",
    "RH_ma_3",
    "RH_std_7",
    "RH_std_14",
    "RH_std_30",
    "RH_dev30",
    "RH_delta1",
    "RH_z30",
    "WS_ma_3",
    "WS_std_3",
    "WS_ma_7",
    "WS_std_7",
    "WS_std_14",
    "WS_ma_30",
    "WS_dev30",
    "WS_delta1",
    "WS_delta7",
    "WS_z30",
    "Precp",
    "Precp_ma_3",
    "Precp_ma_7",
    "Precp_std_7",
    "Precp_ma_14",
    "Precp_std_14",
    "Precp_ma_30",
    "Precp_std_30",
    "Precp_dev30",
    "Precp_delta1",
    "Precp_delta7",
    "Precp_z30",
    "typhoon_ma_7",
    "typhoon_std_7",
    "typhoon_ma_14"
  ],
  "validation_metrics": {
    "R2": 0.8927366353958957,
    "RMSE": 5.985180905284114,
    "MAE": 3.8267646429879325,
    "MAPE": 11.781728543881323,
    "successful_windows": 20
  },
  "test_metrics": {
    "R2": 0.46923543396136436,
    "RMSE": 32.398418648537486,
    "MAE": 17.87620991236727,
    "MAPE": 20.75693206882956,
    "successful_windows": 12,
    "total_predictions": 71
  }
}