{
  "vege_id": "47",
  "best_params": {
    "subsample": 0.9,
    "reg_lambda": 0.5,
    "reg_alpha": 1.0,
    "n_estimators": 100,
    "max_depth": 6,
    "learning_rate": 0.15,
    "colsample_bytree": 0.7,
    "random_state": 42,
    "n_jobs": -1,
    "verbosity": 0
  },
  "selected_features": [
    "dayofweek",
    "week",
    "month_sin",
    "day_sin",
    "day_cos",
    "weekday_cos",
    "y_lag_1",
    "y_lag_3",
    "y_lag_7",
    "y_lag_14",
    "y_ma_7",
    "y_ma_14",
    "y_ma_30",
    "y_change_1",
    "y_change_7",
    "y_volatility_14",
    "y_pct_change_1",
    "y_pct_change_7",
    "y_above_ma7",
    "y_above_ma30",
    "StnPres_ma_3",
    "StnPres_ma_7",
    "StnPres_std_14",
    "StnPres_ma_30",
    "StnPres_std_30",
    "StnPres_dev30",
    "Temperature",
    "Temperature_ma_3",
    "Temperature_ma_14",
    "Temperature_std_14",
    "Temperature_ma_30",
    "Temperature_std_30",
    "Temperature_dev30",
    "Temperature_z30",
    "RH",
    "RH_ma_3",
    "RH_ma_7",
    "RH_std_7",
    "RH_ma_14",
    "RH_std_14",
    "RH_ma_30",
    "RH_std_30",
    "RH_dev30",
    "RH_delta1",
    "RH_delta7",
    "RH_z30",
    "WS_ma_3",
    "WS_ma_7",
    "WS_std_7",
    "WS_ma_14",
    "WS_std_14",
    "WS_std_30",
    "Precp_ma_3",
    "Precp_ma_7",
    "Precp_std_30",
    "Precp_dev30",
    "Precp_delta7",
    "typhoon",
    "typhoon_ma_3",
    "typhoon_ma_7",
    "typhoon_std_7",
    "typhoon_ma_14",
    "typhoon_ma_30",
    "typhoon_std_30",
    "typhoon_delta1"
  ],
  "validation_metrics": {
    "R2": 0.858162084009509,
    "RMSE": 4.046576447070242,
    "MAE": 2.819205866477472,
    "MAPE": 11.368282020338793,
    "successful_windows": 20
  },
  "test_metrics": {
    "R2": 0.8808371500390647,
    "RMSE": 5.520402219586465,
    "MAE": 3.99644907991651,
    "MAPE": 14.92521572305871,
    "successful_windows": 12,
    "total_predictions": 71
  }
}