{
  "vege_id": "38",
  "best_params": {
    "subsample": 0.9,
    "reg_lambda": 1.5,
    "reg_alpha": 0,
    "n_estimators": 500,
    "max_depth": 4,
    "learning_rate": 0.15,
    "colsample_bytree": 1.0,
    "random_state": 42,
    "n_jobs": -1,
    "verbosity": 0
  },
  "selected_features": [
    "dayofweek",
    "is_spring",
    "month_sin",
    "day_sin",
    "day_cos",
    "weekday_sin",
    "y_lag_1",
    "y_lag_3",
    "y_lag_7",
    "y_lag_14",
    "y_lag_30",
    "y_ma_7",
    "y_ma_14",
    "y_ma_30",
    "y_change_1",
    "y_change_7",
    "y_volatility_7",
    "y_volatility_14",
    "y_pct_change_1",
    "y_pct_change_7",
    "y_above_ma7",
    "StnPres",
    "StnPres_ma_3",
    "StnPres_std_3",
    "StnPres_ma_14",
    "StnPres_ma_30",
    "StnPres_std_30",
    "StnPres_dev30",
    "StnPres_delta1",
    "StnPres_delta7",
    "StnPres_z30",
    "Temperature",
    "Temperature_ma_7",
    "Temperature_ma_14",
    "Temperature_std_14",
    "Temperature_ma_30",
    "Temperature_delta1",
    "Temperature_delta7",
    "Temperature_z30",
    "RH_ma_3",
    "RH_ma_7",
    "RH_ma_14",
    "RH_ma_30",
    "RH_std_30",
    "RH_delta7",
    "RH_z30",
    "WS_ma_3",
    "WS_std_3",
    "WS_ma_7",
    "WS_std_7",
    "WS_ma_30",
    "WS_std_30",
    "WS_delta1",
    "WS_delta7",
    "Precp",
    "Precp_ma_3",
    "Precp_ma_7",
    "Precp_std_7",
    "Precp_std_14",
    "Precp_ma_30",
    "Precp_std_30",
    "Precp_dev30",
    "Precp_delta1",
    "Precp_z30",
    "typhoon_ma_30"
  ],
  "validation_metrics": {
    "R2": 0.3251327775992109,
    "RMSE": 13.426273279661556,
    "MAE": 10.587532876473887,
    "MAPE": 20.356287515334362,
    "successful_windows": 20
  },
  "test_metrics": {
    "R2": -0.24989440167333887,
    "RMSE": 35.147472935627334,
    "MAE": 27.032166266305104,
    "MAPE": 21.12270768055186,
    "successful_windows": 12,
    "total_predictions": 70
  }
}