{
  "vege_id": "40",
  "best_params": {
    "subsample": 0.8,
    "reg_lambda": 0.5,
    "reg_alpha": 0,
    "n_estimators": 100,
    "max_depth": 6,
    "learning_rate": 0.05,
    "colsample_bytree": 0.7,
    "random_state": 42,
    "n_jobs": -1,
    "verbosity": 0
  },
  "selected_features": [
    "week",
    "is_spring",
    "month_cos",
    "day_sin",
    "day_cos",
    "weekday_cos",
    "y_lag_1",
    "y_lag_3",
    "y_lag_7",
    "y_lag_14",
    "y_lag_30",
    "y_ma_7",
    "y_ma_14",
    "y_ma_30",
    "y_change_7",
    "y_change_30",
    "y_volatility_7",
    "y_volatility_14",
    "StnPres_ma_3",
    "StnPres_ma_7",
    "StnPres_std_7",
    "StnPres_ma_14",
    "StnPres_std_14",
    "StnPres_ma_30",
    "StnPres_std_30",
    "Temperature",
    "Temperature_ma_3",
    "Temperature_ma_7",
    "Temperature_std_7",
    "Temperature_ma_14",
    "Temperature_std_14",
    "Temperature_ma_30",
    "Temperature_std_30",
    "Temperature_delta7",
    "RH_ma_3",
    "RH_std_3",
    "RH_ma_7",
    "RH_std_7",
    "RH_ma_14",
    "RH_std_14",
    "RH_ma_30",
    "RH_std_30",
    "RH_delta7",
    "RH_z30",
    "WS",
    "WS_ma_3",
    "WS_std_3",
    "WS_ma_7",
    "WS_std_7",
    "WS_ma_14",
    "WS_std_14",
    "WS_ma_30",
    "WS_std_30",
    "WS_delta1",
    "WS_z30",
    "Precp_ma_3",
    "Precp_ma_7",
    "Precp_std_7",
    "Precp_std_14",
    "Precp_ma_30",
    "Precp_std_30",
    "Precp_dev30",
    "Precp_delta1",
    "Precp_delta7",
    "typhoon_ma_7"
  ],
  "validation_metrics": {
    "R2": 0.8262936758959448,
    "RMSE": 11.712175727042553,
    "MAE": 7.847165442696452,
    "MAPE": 14.135488911038252,
    "successful_windows": 20
  },
  "test_metrics": {
    "R2": 0.3659720302415954,
    "RMSE": 7.360600626636892,
    "MAE": 5.932671550205777,
    "MAPE": 14.006840852039252,
    "successful_windows": 12,
    "total_predictions": 70
  }
}