{
  "vege_id": "29",
  "best_params": {
    "subsample": 0.7,
    "reg_lambda": 1.5,
    "reg_alpha": 1.0,
    "n_estimators": 500,
    "max_depth": 6,
    "learning_rate": 0.2,
    "colsample_bytree": 0.9,
    "random_state": 42,
    "n_jobs": -1,
    "verbosity": 0
  },
  "selected_features": [
    "dayofweek",
    "dayofyear",
    "day",
    "week",
    "month_sin",
    "day_sin",
    "day_cos",
    "weekday_cos",
    "y_lag_1",
    "y_lag_3",
    "y_lag_7",
    "y_lag_30",
    "y_ma_7",
    "y_ma_14",
    "y_change_1",
    "y_change_30",
    "y_volatility_7",
    "y_volatility_14",
    "y_pct_change_1",
    "y_above_ma30",
    "StnPres",
    "StnPres_ma_3",
    "StnPres_ma_7",
    "StnPres_std_7",
    "StnPres_ma_14",
    "StnPres_ma_30",
    "StnPres_std_30",
    "StnPres_dev30",
    "StnPres_delta7",
    "StnPres_z30",
    "Temperature_ma_3",
    "Temperature_std_7",
    "Temperature_ma_14",
    "Temperature_std_14",
    "Temperature_std_30",
    "Temperature_dev30",
    "Temperature_delta1",
    "Temperature_delta7",
    "Temperature_z30",
    "RH_ma_3",
    "RH_std_3",
    "RH_ma_30",
    "RH_std_30",
    "RH_dev30",
    "RH_extreme_high",
    "WS_std_3",
    "WS_ma_7",
    "WS_std_7",
    "WS_std_14",
    "WS_ma_30",
    "WS_std_30",
    "WS_dev30",
    "WS_delta1",
    "WS_extreme_any",
    "Precp",
    "Precp_std_7",
    "Precp_ma_14",
    "Precp_ma_30",
    "Precp_std_30",
    "Precp_delta1",
    "Precp_z30",
    "typhoon_std_3",
    "typhoon_ma_30",
    "typhoon_dev30",
    "typhoon_delta1"
  ],
  "validation_metrics": {
    "R2": 0.16792943717883613,
    "RMSE": 11.90997402176688,
    "MAE": 8.10105009817308,
    "MAPE": 22.018707387629128,
    "successful_windows": 20
  },
  "test_metrics": {
    "R2": 0.2877786043217716,
    "RMSE": 35.22547266733865,
    "MAE": 16.646677223943897,
    "MAPE": 67.79937908896927,
    "successful_windows": 8,
    "total_predictions": 31
  }
}