{
  "vege_id": "2",
  "best_params": {
    "subsample": 1.0,
    "reg_lambda": 2.0,
    "reg_alpha": 1.0,
    "n_estimators": 500,
    "max_depth": 8,
    "learning_rate": 0.2,
    "colsample_bytree": 0.9,
    "random_state": 42,
    "n_jobs": -1,
    "verbosity": 0
  },
  "selected_features": [
    "month",
    "dayofweek",
    "dayofyear",
    "is_summer",
    "is_winter",
    "day_sin",
    "weekday_sin",
    "weekday_cos",
    "y_lag_1",
    "y_lag_7",
    "y_lag_14",
    "y_lag_30",
    "y_ma_7",
    "y_ma_30",
    "y_change_1",
    "y_change_7",
    "y_change_30",
    "y_pct_change_1",
    "StnPres",
    "StnPres_ma_7",
    "StnPres_std_7",
    "StnPres_ma_14",
    "StnPres_std_14",
    "StnPres_ma_30",
    "StnPres_std_30",
    "StnPres_delta7",
    "Temperature",
    "Temperature_std_14",
    "Temperature_std_30",
    "Temperature_delta1",
    "Temperature_delta7",
    "RH",
    "RH_ma_3",
    "RH_ma_7",
    "RH_std_7",
    "RH_ma_14",
    "RH_std_14",
    "RH_std_30",
    "RH_dev30",
    "WS_ma_3",
    "WS_ma_7",
    "WS_std_7",
    "WS_ma_14",
    "WS_std_14",
    "WS_ma_30",
    "WS_std_30",
    "WS_dev30",
    "WS_delta1",
    "WS_delta7",
    "WS_z30",
    "WS_extreme_high",
    "Precp",
    "Precp_ma_3",
    "Precp_std_3",
    "Precp_ma_14",
    "Precp_std_14",
    "Precp_ma_30",
    "Precp_std_30",
    "Precp_delta7",
    "Precp_z30",
    "typhoon_ma_7",
    "typhoon_ma_14",
    "typhoon_ma_30",
    "typhoon_dev30",
    "typhoon_delta1"
  ],
  "validation_metrics": {
    "R2": 0.2671532747399936,
    "RMSE": 5.82828205329273,
    "MAE": 4.335767157462336,
    "MAPE": 23.178053810445924,
    "successful_windows": 20
  },
  "test_metrics": {
    "R2": -0.006870242262086768,
    "RMSE": 13.364368674922362,
    "MAE": 9.803132949497389,
    "MAPE": 38.01425906658693,
    "successful_windows": 11,
    "total_predictions": 46
  }
}