{
  "vege_id": "20",
  "best_params": {
    "subsample": 1.0,
    "reg_lambda": 1.0,
    "reg_alpha": 0,
    "n_estimators": 200,
    "max_depth": 3,
    "learning_rate": 0.15,
    "colsample_bytree": 1.0,
    "random_state": 42,
    "n_jobs": -1,
    "verbosity": 0
  },
  "selected_features": [
    "dayofweek",
    "dayofyear",
    "week",
    "is_summer",
    "day_sin",
    "day_cos",
    "weekday_sin",
    "weekday_cos",
    "y_lag_1",
    "y_lag_3",
    "y_lag_7",
    "y_lag_14",
    "y_lag_30",
    "y_ma_7",
    "y_ma_14",
    "y_ma_30",
    "y_change_1",
    "y_change_7",
    "y_change_30",
    "y_volatility_7",
    "y_pct_change_1",
    "StnPres",
    "StnPres_std_3",
    "StnPres_ma_7",
    "StnPres_std_7",
    "StnPres_ma_14",
    "StnPres_std_14",
    "StnPres_ma_30",
    "StnPres_dev30",
    "StnPres_z30",
    "Temperature_ma_3",
    "Temperature_std_7",
    "Temperature_ma_14",
    "Temperature_std_14",
    "Temperature_ma_30",
    "Temperature_std_30",
    "Temperature_dev30",
    "Temperature_delta1",
    "RH",
    "RH_ma_3",
    "RH_std_3",
    "RH_std_7",
    "RH_ma_14",
    "RH_std_14",
    "RH_ma_30",
    "RH_dev30",
    "RH_delta7",
    "WS_ma_3",
    "WS_std_3",
    "WS_std_7",
    "WS_ma_14",
    "WS_std_14",
    "WS_ma_30",
    "WS_std_30",
    "WS_dev30",
    "WS_delta1",
    "WS_extreme_low",
    "Precp_std_3",
    "Precp_std_7",
    "Precp_ma_14",
    "Precp_std_14",
    "Precp_std_30",
    "Precp_dev30",
    "Precp_delta1",
    "Precp_z30"
  ],
  "validation_metrics": {
    "R2": 0.6895263439229811,
    "RMSE": 13.529481006537234,
    "MAE": 7.96043406744073,
    "MAPE": 14.489107841169584,
    "successful_windows": 20
  },
  "test_metrics": {
    "R2": 0.7169203531794346,
    "RMSE": 20.358344573590006,
    "MAE": 12.811640550885883,
    "MAPE": 26.542079090692084,
    "successful_windows": 12,
    "total_predictions": 70
  }
}