{
  "vege_id": "50",
  "best_params": {
    "subsample": 0.9,
    "reg_lambda": 1.5,
    "reg_alpha": 0,
    "n_estimators": 500,
    "max_depth": 4,
    "learning_rate": 0.15,
    "colsample_bytree": 1.0,
    "random_state": 42,
    "n_jobs": -1,
    "verbosity": 0
  },
  "selected_features": [
    "dayofweek",
    "day",
    "week",
    "year",
    "day_sin",
    "weekday_sin",
    "y_lag_1",
    "y_lag_3",
    "y_lag_7",
    "y_lag_14",
    "y_ma_7",
    "y_ma_14",
    "y_change_1",
    "y_change_7",
    "y_change_30",
    "y_volatility_7",
    "y_volatility_14",
    "y_pct_change_1",
    "y_pct_change_7",
    "y_above_ma7",
    "StnPres_ma_3",
    "StnPres_ma_7",
    "StnPres_std_7",
    "StnPres_std_14",
    "StnPres_ma_30",
    "StnPres_std_30",
    "StnPres_z30",
    "Temperature",
    "Temperature_ma_3",
    "Temperature_ma_7",
    "Temperature_ma_14",
    "Temperature_std_14",
    "Temperature_ma_30",
    "Temperature_std_30",
    "Temperature_delta1",
    "RH_ma_3",
    "RH_std_3",
    "RH_ma_7",
    "RH_std_7",
    "RH_std_14",
    "RH_ma_30",
    "RH_std_30",
    "RH_delta7",
    "WS",
    "WS_ma_14",
    "WS_ma_30",
    "WS_std_30",
    "WS_dev30",
    "WS_delta1",
    "WS_extreme_low",
    "Precp_ma_3",
    "Precp_ma_7",
    "Precp_ma_14",
    "Precp_std_14",
    "Precp_ma_30",
    "Precp_std_30",
    "Precp_delta1",
    "Precp_delta7",
    "Precp_z30",
    "typhoon",
    "typhoon_std_3",
    "typhoon_ma_7",
    "typhoon_std_14",
    "typhoon_dev30",
    "typhoon_delta7"
  ],
  "validation_metrics": {
    "R2": 0.8709117441050905,
    "RMSE": 12.534964382756636,
    "MAE": 7.487721584320067,
    "MAPE": 11.757036012115936,
    "successful_windows": 20
  },
  "test_metrics": {
    "R2": 0.8388937110849206,
    "RMSE": 6.451005519125636,
    "MAE": 5.244302544392331,
    "MAPE": 12.556403396648097,
    "successful_windows": 12,
    "total_predictions": 71
  }
}