{
  "vege_id": "13",
  "best_params": {
    "subsample": 0.8,
    "reg_lambda": 1.5,
    "reg_alpha": 1.0,
    "n_estimators": 200,
    "max_depth": 3,
    "learning_rate": 0.05,
    "colsample_bytree": 0.8,
    "random_state": 42,
    "n_jobs": -1,
    "verbosity": 0
  },
  "selected_features": [
    "dayofweek",
    "dayofyear",
    "week",
    "month_sin",
    "day_sin",
    "weekday_cos",
    "y_lag_1",
    "y_lag_3",
    "y_lag_7",
    "y_lag_14",
    "y_ma_7",
    "y_ma_14",
    "y_volatility_7",
    "y_pct_change_7",
    "y_above_ma7",
    "StnPres",
    "StnPres_ma_3",
    "StnPres_ma_7",
    "StnPres_std_7",
    "StnPres_ma_14",
    "StnPres_std_14",
    "StnPres_ma_30",
    "StnPres_std_30",
    "StnPres_dev30",
    "StnPres_z30",
    "Temperature_std_3",
    "Temperature_std_7",
    "Temperature_std_14",
    "Temperature_ma_30",
    "Temperature_dev30",
    "Temperature_delta1",
    "Temperature_z30",
    "RH",
    "RH_ma_3",
    "RH_std_7",
    "RH_ma_14",
    "RH_std_14",
    "RH_ma_30",
    "RH_std_30",
    "RH_dev30",
    "RH_delta7",
    "RH_z30",
    "WS_ma_3",
    "WS_std_7",
    "WS_ma_14",
    "WS_ma_30",
    "WS_std_30",
    "WS_dev30",
    "Precp",
    "Precp_ma_3",
    "Precp_std_3",
    "Precp_ma_7",
    "Precp_std_7",
    "Precp_ma_14",
    "Precp_std_14",
    "Precp_ma_30",
    "Precp_std_30",
    "Precp_dev30",
    "Precp_delta1",
    "Precp_delta7",
    "Precp_z30",
    "typhoon_ma_3",
    "typhoon_ma_14",
    "typhoon_dev30",
    "typhoon_z30"
  ],
  "validation_metrics": {
    "R2": 0.8929909925412449,
    "RMSE": 7.860491015183638,
    "MAE": 5.260194450990998,
    "MAPE": 12.43545739920916,
    "successful_windows": 20
  },
  "test_metrics": {
    "R2": 0.8600496171381262,
    "RMSE": 9.504244201877956,
    "MAE": 6.813359458815883,
    "MAPE": 12.67202587156588,
    "successful_windows": 12,
    "total_predictions": 71
  }
}