{
  "vege_id": "43",
  "best_params": {
    "subsample": 0.8,
    "reg_lambda": 2.0,
    "reg_alpha": 1.0,
    "n_estimators": 300,
    "max_depth": 3,
    "learning_rate": 0.05,
    "colsample_bytree": 0.7,
    "random_state": 42,
    "n_jobs": -1,
    "verbosity": 0
  },
  "selected_features": [
    "dayofweek",
    "dayofyear",
    "day",
    "week",
    "is_autumn",
    "month_cos",
    "day_sin",
    "day_cos",
    "weekday_cos",
    "y_lag_1",
    "y_lag_3",
    "y_lag_7",
    "y_lag_14",
    "y_lag_30",
    "y_ma_7",
    "y_ma_14",
    "y_ma_30",
    "y_change_1",
    "y_change_7",
    "y_volatility_7",
    "y_volatility_14",
    "y_pct_change_1",
    "y_pct_change_7",
    "y_above_ma7",
    "y_above_ma30",
    "StnPres",
    "StnPres_std_3",
    "StnPres_std_7",
    "StnPres_ma_30",
    "StnPres_std_30",
    "StnPres_dev30",
    "Temperature",
    "Temperature_std_7",
    "Temperature_ma_14",
    "Temperature_std_14",
    "Temperature_ma_30",
    "Temperature_std_30",
    "Temperature_dev30",
    "Temperature_z30",
    "Temperature_extreme_any",
    "RH",
    "RH_ma_3",
    "RH_std_7",
    "RH_ma_14",
    "RH_std_14",
    "RH_ma_30",
    "RH_std_30",
    "RH_delta7",
    "RH_z30",
    "RH_extreme_any",
    "WS_std_3",
    "WS_std_14",
    "WS_std_30",
    "Precp_std_3",
    "Precp_ma_14",
    "Precp_std_14",
    "Precp_ma_30",
    "Precp_std_30",
    "Precp_dev30",
    "Precp_z30",
    "typhoon",
    "typhoon_ma_14",
    "typhoon_std_14",
    "typhoon_ma_30",
    "typhoon_dev30"
  ],
  "validation_metrics": {
    "R2": 0.6932104405499389,
    "RMSE": 5.64513268035493,
    "MAE": 3.741804462070883,
    "MAPE": 13.146337512791886,
    "successful_windows": 20
  },
  "test_metrics": {
    "R2": 0.47503445766556784,
    "RMSE": 4.593871823638106,
    "MAE": 3.7961119235401415,
    "MAPE": 29.382272903644107,
    "successful_windows": 12,
    "total_predictions": 71
  }
}