{
  "vege_id": "46",
  "best_params": {
    "subsample": 1.0,
    "reg_lambda": 0.5,
    "reg_alpha": 1.0,
    "n_estimators": 300,
    "max_depth": 4,
    "learning_rate": 0.15,
    "colsample_bytree": 0.9,
    "random_state": 42,
    "n_jobs": -1,
    "verbosity": 0
  },
  "selected_features": [
    "dayofweek",
    "year",
    "day_sin",
    "day_cos",
    "weekday_cos",
    "y_lag_1",
    "y_lag_3",
    "y_lag_7",
    "y_lag_30",
    "y_ma_7",
    "y_ma_14",
    "y_ma_30",
    "y_change_1",
    "y_change_7",
    "y_volatility_7",
    "y_volatility_14",
    "y_pct_change_1",
    "y_pct_change_7",
    "y_above_ma7",
    "y_above_ma30",
    "StnPres_std_3",
    "StnPres_ma_7",
    "StnPres_std_7",
    "StnPres_ma_14",
    "StnPres_std_14",
    "StnPres_ma_30",
    "StnPres_std_30",
    "StnPres_dev30",
    "Temperature",
    "Temperature_ma_3",
    "Temperature_ma_7",
    "Temperature_std_14",
    "Temperature_ma_30",
    "Temperature_std_30",
    "Temperature_dev30",
    "Temperature_delta7",
    "Temperature_z30",
    "RH",
    "RH_ma_7",
    "RH_std_14",
    "RH_std_30",
    "RH_dev30",
    "RH_delta1",
    "RH_delta7",
    "RH_z30",
    "WS",
    "WS_ma_3",
    "WS_std_3",
    "WS_ma_7",
    "WS_ma_14",
    "WS_ma_30",
    "WS_delta1",
    "Precp",
    "Precp_std_3",
    "Precp_std_14",
    "Precp_ma_30",
    "Precp_std_30",
    "Precp_dev30",
    "Precp_delta1",
    "Precp_z30",
    "typhoon_ma_3",
    "typhoon_std_7",
    "typhoon_ma_14",
    "typhoon_ma_30",
    "typhoon_dev30"
  ],
  "validation_metrics": {
    "R2": 0.8001988784536445,
    "RMSE": 9.72361565741172,
    "MAE": 6.3527899275731,
    "MAPE": 10.513281243102497,
    "successful_windows": 20
  },
  "test_metrics": {
    "R2": 0.851690647353313,
    "RMSE": 8.58725626007064,
    "MAE": 5.157291691739794,
    "MAPE": 9.511889175493156,
    "successful_windows": 12,
    "total_predictions": 71
  }
}