{
  "vege_id": "45",
  "best_params": {
    "subsample": 0.8,
    "reg_lambda": 0.5,
    "reg_alpha": 0,
    "n_estimators": 100,
    "max_depth": 6,
    "learning_rate": 0.05,
    "colsample_bytree": 0.7,
    "random_state": 42,
    "n_jobs": -1,
    "verbosity": 0
  },
  "selected_features": [
    "dayofweek",
    "dayofyear",
    "week",
    "year",
    "month_cos",
    "day_sin",
    "day_cos",
    "weekday_cos",
    "y_lag_1",
    "y_lag_3",
    "y_lag_7",
    "y_lag_14",
    "y_ma_7",
    "y_ma_14",
    "y_ma_30",
    "y_change_7",
    "y_volatility_7",
    "y_volatility_14",
    "y_pct_change_1",
    "y_pct_change_7",
    "y_above_ma7",
    "y_above_ma30",
    "StnPres_ma_3",
    "StnPres_ma_7",
    "StnPres_std_7",
    "StnPres_ma_14",
    "StnPres_std_14",
    "StnPres_ma_30",
    "StnPres_std_30",
    "StnPres_dev30",
    "StnPres_delta1",
    "StnPres_z30",
    "Temperature",
    "Temperature_std_3",
    "Temperature_ma_7",
    "Temperature_std_7",
    "Temperature_std_14",
    "Temperature_ma_30",
    "Temperature_delta7",
    "Temperature_z30",
    "RH_std_7",
    "RH_ma_14",
    "RH_std_14",
    "RH_ma_30",
    "RH_std_30",
    "RH_dev30",
    "RH_delta7",
    "WS_ma_30",
    "WS_std_30",
    "WS_dev30",
    "Precp",
    "Precp_ma_3",
    "Precp_std_3",
    "Precp_ma_7",
    "Precp_ma_14",
    "Precp_std_14",
    "Precp_ma_30",
    "Precp_std_30",
    "Precp_dev30",
    "Precp_delta1",
    "Precp_delta7",
    "Precp_z30",
    "typhoon",
    "typhoon_dev30",
    "typhoon_delta7"
  ],
  "validation_metrics": {
    "R2": 0.7551419524353692,
    "RMSE": 3.0970981775910658,
    "MAE": 1.9713144953110637,
    "MAPE": 10.467505751288959,
    "successful_windows": 20
  },
  "test_metrics": {
    "R2": 0.4552723712029485,
    "RMSE": 3.4455962046379773,
    "MAE": 2.515571562001403,
    "MAPE": 17.901197446761554,
    "successful_windows": 12,
    "total_predictions": 71
  }
}