{
  "vege_id": "14",
  "best_params": {
    "subsample": 1.0,
    "reg_lambda": 1.0,
    "reg_alpha": 0,
    "n_estimators": 200,
    "max_depth": 3,
    "learning_rate": 0.15,
    "colsample_bytree": 1.0,
    "random_state": 42,
    "n_jobs": -1,
    "verbosity": 0
  },
  "selected_features": [
    "dayofweek",
    "day",
    "week",
    "year",
    "day_sin",
    "weekday_sin",
    "y_lag_1",
    "y_lag_3",
    "y_lag_14",
    "y_ma_7",
    "y_ma_14",
    "y_ma_30",
    "y_change_1",
    "y_volatility_14",
    "y_pct_change_1",
    "y_above_ma7",
    "y_above_ma30",
    "StnPres",
    "StnPres_ma_3",
    "StnPres_std_7",
    "StnPres_ma_14",
    "StnPres_std_14",
    "StnPres_ma_30",
    "StnPres_std_30",
    "StnPres_delta1",
    "StnPres_delta7",
    "StnPres_z30",
    "Temperature",
    "Temperature_std_3",
    "Temperature_std_7",
    "Temperature_ma_14",
    "Temperature_std_14",
    "Temperature_std_30",
    "Temperature_dev30",
    "Temperature_delta7",
    "Temperature_z30",
    "RH_ma_3",
    "RH_ma_7",
    "RH_std_7",
    "RH_ma_14",
    "RH_std_14",
    "RH_ma_30",
    "RH_std_30",
    "RH_dev30",
    "RH_z30",
    "WS_ma_3",
    "WS_std_3",
    "WS_ma_7",
    "WS_std_7",
    "WS_ma_14",
    "WS_ma_30",
    "WS_dev30",
    "WS_delta1",
    "WS_delta7",
    "WS_z30",
    "WS_extreme_high",
    "Precp_ma_14",
    "Precp_std_14",
    "Precp_delta7",
    "Precp_z30",
    "typhoon",
    "typhoon_ma_3",
    "typhoon_ma_7",
    "typhoon_ma_14",
    "typhoon_dev30"
  ],
  "validation_metrics": {
    "R2": 0.6726528092452815,
    "RMSE": 7.244749677334645,
    "MAE": 4.4112063353601165,
    "MAPE": 13.64412801606592,
    "successful_windows": 20
  },
  "test_metrics": {
    "R2": 0.627818693436833,
    "RMSE": 14.262595175674923,
    "MAE": 9.125464845929827,
    "MAPE": 28.08796796602359,
    "successful_windows": 12,
    "total_predictions": 70
  }
}