{
  "vege_id": "15",
  "best_params": {
    "subsample": 0.8,
    "reg_lambda": 0.5,
    "reg_alpha": 0,
    "n_estimators": 100,
    "max_depth": 6,
    "learning_rate": 0.05,
    "colsample_bytree": 0.7,
    "random_state": 42,
    "n_jobs": -1,
    "verbosity": 0
  },
  "selected_features": [
    "week",
    "day_sin",
    "weekday_cos",
    "y_lag_1",
    "y_lag_3",
    "y_lag_7",
    "y_lag_30",
    "y_ma_7",
    "y_ma_14",
    "y_ma_30",
    "y_change_1",
    "y_change_7",
    "y_volatility_7",
    "y_volatility_14",
    "y_pct_change_1",
    "y_above_ma7",
    "y_above_ma30",
    "StnPres_ma_3",
    "StnPres_std_3",
    "StnPres_std_7",
    "StnPres_ma_14",
    "StnPres_std_14",
    "StnPres_ma_30",
    "StnPres_std_30",
    "StnPres_dev30",
    "Temperature",
    "Temperature_ma_3",
    "Temperature_std_3",
    "Temperature_std_7",
    "Temperature_ma_14",
    "Temperature_std_14",
    "Temperature_ma_30",
    "Temperature_std_30",
    "Temperature_delta1",
    "Temperature_z30",
    "RH_ma_14",
    "RH_std_14",
    "RH_ma_30",
    "RH_std_30",
    "RH_dev30",
    "RH_z30",
    "WS_ma_3",
    "WS_ma_7",
    "WS_std_7",
    "WS_ma_14",
    "WS_ma_30",
    "WS_std_30",
    "WS_delta1",
    "WS_delta7",
    "WS_z30",
    "WS_extreme_low",
    "Precp_std_3",
    "Precp_std_7",
    "Precp_ma_14",
    "Precp_std_14",
    "Precp_ma_30",
    "Precp_std_30",
    "Precp_dev30",
    "Precp_z30",
    "typhoon_ma_3",
    "typhoon_ma_7",
    "typhoon_std_7",
    "typhoon_ma_14",
    "typhoon_std_14",
    "typhoon_dev30"
  ],
  "validation_metrics": {
    "R2": 0.879820959361296,
    "RMSE": 9.835612087932724,
    "MAE": 7.674915156677691,
    "MAPE": 7.511087756659096,
    "successful_windows": 20
  },
  "test_metrics": {
    "R2": 0.8616520016925806,
    "RMSE": 17.46797486302408,
    "MAE": 10.22540516444615,
    "MAPE": 6.866272324876391,
    "successful_windows": 12,
    "total_predictions": 70
  }
}