{
  "vege_id": "37",
  "best_params": {
    "subsample": 1.0,
    "reg_lambda": 0.5,
    "reg_alpha": 0,
    "n_estimators": 300,
    "max_depth": 8,
    "learning_rate": 0.15,
    "colsample_bytree": 0.8,
    "random_state": 42,
    "n_jobs": -1,
    "verbosity": 0
  },
  "selected_features": [
    "dayofweek",
    "day_sin",
    "weekday_cos",
    "y_lag_1",
    "y_lag_3",
    "y_lag_7",
    "y_ma_7",
    "y_ma_14",
    "y_ma_30",
    "y_change_7",
    "y_change_30",
    "y_volatility_7",
    "y_volatility_14",
    "y_pct_change_1",
    "y_pct_change_7",
    "y_above_ma30",
    "StnPres",
    "StnPres_ma_3",
    "StnPres_std_3",
    "StnPres_ma_7",
    "StnPres_std_7",
    "StnPres_ma_14",
    "StnPres_std_14",
    "StnPres_ma_30",
    "StnPres_std_30",
    "StnPres_dev30",
    "StnPres_delta7",
    "Temperature_std_7",
    "Temperature_ma_14",
    "Temperature_std_14",
    "Temperature_std_30",
    "Temperature_delta7",
    "Temperature_z30",
    "RH",
    "RH_std_3",
    "RH_ma_7",
    "RH_std_7",
    "RH_ma_30",
    "RH_std_30",
    "RH_dev30",
    "RH_delta7",
    "RH_z30",
    "WS_std_3",
    "WS_std_7",
    "WS_ma_14",
    "WS_std_14",
    "WS_std_30",
    "WS_delta1",
    "WS_delta7",
    "WS_extreme_high",
    "Precp",
    "Precp_std_3",
    "Precp_ma_7",
    "Precp_std_7",
    "Precp_ma_14",
    "Precp_std_14",
    "Precp_ma_30",
    "Precp_std_30",
    "Precp_delta1",
    "Precp_z30",
    "typhoon_ma_3",
    "typhoon_ma_14",
    "typhoon_ma_30",
    "typhoon_dev30",
    "typhoon_delta7"
  ],
  "validation_metrics": {
    "R2": -0.036305188729024884,
    "RMSE": 6.522630922395965,
    "MAE": 4.647815344909142,
    "MAPE": 19.255233779121852,
    "successful_windows": 19
  },
  "test_metrics": {
    "R2": 0.027246631406904864,
    "RMSE": 6.157683536286214,
    "MAE": 4.074937990549448,
    "MAPE": 33.08318434893801,
    "successful_windows": 10,
    "total_predictions": 37
  }
}