{
  "vege_id": "3",
  "best_params": {
    "subsample": 1.0,
    "reg_lambda": 1.0,
    "reg_alpha": 0.1,
    "n_estimators": 300,
    "max_depth": 5,
    "learning_rate": 0.15,
    "colsample_bytree": 0.9,
    "random_state": 42,
    "n_jobs": -1,
    "verbosity": 0
  },
  "selected_features": [
    "month",
    "dayofweek",
    "dayofyear",
    "week",
    "month_sin",
    "day_sin",
    "weekday_cos",
    "y_lag_1",
    "y_lag_3",
    "y_lag_7",
    "y_lag_14",
    "y_lag_30",
    "y_ma_7",
    "y_ma_14",
    "y_change_1",
    "y_change_7",
    "y_pct_change_1",
    "y_pct_change_7",
    "y_above_ma7",
    "y_above_ma30",
    "StnPres",
    "StnPres_ma_3",
    "StnPres_std_7",
    "StnPres_ma_14",
    "StnPres_ma_30",
    "StnPres_std_30",
    "StnPres_dev30",
    "StnPres_delta7",
    "StnPres_z30",
    "Temperature",
    "Temperature_ma_7",
    "Temperature_ma_14",
    "Temperature_ma_30",
    "Temperature_std_30",
    "Temperature_delta1",
    "Temperature_z30",
    "RH",
    "RH_ma_7",
    "RH_ma_14",
    "RH_std_14",
    "RH_ma_30",
    "RH_std_30",
    "RH_dev30",
    "RH_delta1",
    "RH_delta7",
    "WS_ma_3",
    "WS_ma_7",
    "WS_std_7",
    "WS_ma_14",
    "WS_std_14",
    "WS_ma_30",
    "WS_std_30",
    "WS_dev30",
    "WS_z30",
    "Precp_std_7",
    "Precp_ma_14",
    "Precp_std_14",
    "Precp_ma_30",
    "Precp_std_30",
    "Precp_delta1",
    "typhoon",
    "typhoon_std_3",
    "typhoon_ma_30",
    "typhoon_dev30",
    "typhoon_delta1"
  ],
  "validation_metrics": {
    "R2": 0.9174882222020988,
    "RMSE": 3.6886630011718577,
    "MAE": 2.3126069087982177,
    "MAPE": 11.294114188762409,
    "successful_windows": 20
  },
  "test_metrics": {
    "R2": 0.8243663473941502,
    "RMSE": 6.759576944923992,
    "MAE": 4.070733874146368,
    "MAPE": 14.610272966392902,
    "successful_windows": 12,
    "total_predictions": 71
  }
}